data,estrangeiro,institucional,pessoa_fisica,inst_financeira,outros
06/07/2026,-500.32,-391.87,464.66,325.30,102.22
03/07/2026,698.14,-679.63,-213.17,204.76,-10.11
02/07/2026,567.60,-119.22,76.91,-602.61,77.32
01/07/2026,-589.82,199.04,186.67,119.97,84.14
30/06/2026,302.09,-850.97,319.29,164.01,65.58
29/06/2026,666.52,-766.99,8.00,53.26,39.20
26/06/2026,34.74,408.31,-99.32,-339.66,-4.08
25/06/2026,-410.78,237.21,-69.96,221.09,22.45
24/06/2026,-855.52,339.69,262.37,143.08,110.37
23/06/2026,-1063.33,786.35,138.12,23.94,114.94
22/06/2026,-2086.22,1520.58,19.24,457.54,88.86
19/06/2026,-1.72,-2732.83,556.47,2000.92,177.15
18/06/2026,80.77,-372.11,76.98,-37.06,251.42
17/06/2026,72.76,-171.99,254.03,-319.56,164.76
16/06/2026,-1204.05,1220.73,362.56,-679.33,300.08
15/06/2026,998.28,-673.96,-508.27,44.74,139.21
12/06/2026,-2.28,-636.77,256.92,365.61,16.52
11/06/2026,-751.08,466.25,-104.28,486.30,-97.19
10/06/2026,-149.05,544.80,298.09,-298.68,-395.17
09/06/2026,-1581.74,1476.92,79.22,134.18,-108.58
08/06/2026,18.90,-208.49,128.12,189.27,-127.81
05/06/2026,-448.80,-773.43,313.33,732.87,176.02
03/06/2026,-474.93,166.41,641.69,-313.04,-20.13
02/06/2026,-45.15,397.00,11.09,-89.71,-273.23
01/06/2026,-884.99,1412.00,211.71,-571.61,-167.11
29/05/2026,-615.45,895.75,389.35,-690.31,20.67
28/05/2026,-190.78,265.60,129.33,-112.75,-91.40
27/05/2026,-296.04,486.98,13.22,-245.79,41.63
26/05/2026,-364.49,36.65,356.02,188.44,-216.63
25/05/2026,-342.02,317.00,-90.65,13.91,101.76
22/05/2026,-388.20,125.72,457.69,-61.26,-133.95
21/05/2026,-999.96,1355.22,205.64,-184.73,-376.17
20/05/2026,-277.31,574.85,-38.97,44.34,-302.91
19/05/2026,-903.34,514.22,514.03,47.45,-172.36
18/05/2026,-891.86,570.10,283.78,522.08,-484.10
15/05/2026,-2472.66,5188.48,844.46,-3103.15,-457.13
14/05/2026,-717.54,984.04,59.91,-26.73,-299.67
13/05/2026,-1196.97,-75.41,446.51,887.75,-61.88
12/05/2026,-934.38,1007.08,329.26,76.15,-478.10
11/05/2026,-1126.67,242.48,395.89,187.37,300.93
08/05/2026,118.78,-493.04,268.03,230.93,-124.71
07/05/2026,-1157.79,154.77,741.96,141.96,119.10
06/05/2026,-285.43,-37.28,52.78,250.62,19.30
05/05/2026,-472.12,560.43,239.33,-198.54,-129.10
04/05/2026,-1395.76,655.45,223.05,503.39,13.87
30/04/2026,-1750.62,1015.86,297.21,396.29,41.26
29/04/2026,-1939.67,834.63,587.21,153.35,364.48
28/04/2026,-1295.63,680.26,257.18,355.39,2.81
27/04/2026,-423.91,63.24,331.26,205.89,-176.49
24/04/2026,-1546.18,576.14,280.79,459.05,230.22
23/04/2026,-917.97,-155.73,534.09,534.26,5.34
22/04/2026,-459.99,-464.47,877.71,-21.51,68.26
20/04/2026,32.13,-384.55,221.93,143.34,-12.85
17/04/2026,-2421.61,2486.65,-1077.02,749.60,262.38
16/04/2026,-771.22,-188.94,253.56,723.43,-16.84
15/04/2026,-1031.98,111.81,372.89,487.69,59.59
14/04/2026,1262.67,-1704.89,-6.68,238.43,210.47
13/04/2026,417.67,-507.42,-51.78,93.66,47.87
10/04/2026,2473.43,-1686.12,-551.71,-184.62,-50.97
09/04/2026,8398.42,-7442.19,-958.16,74.08,-72.15
08/04/2026,2614.10,-1222.88,-1270.18,-7.07,-113.98
07/04/2026,-1072.85,257.21,331.91,249.84,233.89
06/04/2026,-176.87,-88.28,123.84,86.01,55.30
02/04/2026,376.94,-270.27,-114.99,-50.48,58.80
01/04/2026,1411.86,-1354.65,-406.07,301.00,47.86
31/03/2026,2180.20,-1013.17,-854.33,-305.64,-7.06
30/03/2026,603.41,-724.56,40.38,27.22,53.55
27/03/2026,975.26,-1112.65,292.35,-196.16,41.20
26/03/2026,-187.84,-652.09,332.28,382.14,125.51
25/03/2026,1034.86,-830.53,-451.57,126.66,120.58
24/03/2026,1231.33,-1364.28,54.59,35.58,42.78
23/03/2026,464.02,266.72,-891.46,29.19,131.52
20/03/2026,-1510.69,3585.16,-64.27,-2255.31,245.11
19/03/2026,1665.45,-2088.65,-12.83,-4.49,440.52
18/03/2026,622.66,-850.09,161.28,-117.57,183.72
17/03/2026,565.19,-687.55,65.75,-40.86,97.47
16/03/2026,551.40,196.21,-308.42,-480.14,40.94
13/03/2026,1172.90,-1710.77,460.77,-68.65,145.74
12/03/2026,155.31,-1326.91,947.22,83.86,140.52
11/03/2026,-576.44,676.38,-100.98,-27.22,28.26
10/03/2026,458.79,-5.64,-302.19,-133.36,-17.60
09/03/2026,1468.43,-926.50,-421.56,-128.32,7.94
06/03/2026,373.00,-85.09,-119.23,-1218.12,1049.44
05/03/2026,-606.47,77.57,660.55,-176.42,44.77
04/03/2026,692.82,-622.32,38.56,-85.57,-23.50
03/03/2026,-390.85,-522.27,904.41,-44.40,53.11
02/03/2026,712.76,-228.21,-154.51,-170.35,-159.69
27/02/2026,-696.51,578.31,265.88,115.81,-263.49
26/02/2026,825.73,-1540.88,186.47,409.37,119.31
25/02/2026,847.86,-1180.28,269.88,140.19,-77.65
24/02/2026,2132.95,-1892.31,-348.17,567.41,-459.88
23/02/2026,3016.46,-3226.95,677.09,-438.48,-28.13
20/02/2026,-1022.25,4306.48,-2512.62,-334.74,-436.87
19/02/2026,2228.09,-1390.71,-412.81,-356.32,-68.25
18/02/2026,-693.26,619.85,159.82,-62.06,-24.34
13/02/2026,397.18,552.58,285.09,-1274.62,39.76
12/02/2026,1152.95,-799.39,415.38,-842.41,73.47
11/02/2026,2434.22,-1652.06,-1141.53,463.25,-103.88
10/02/2026,573.45,-1667.67,70.15,1064.20,-40.12
09/02/2026,1214.38,-972.93,-560.43,374.76,-55.78
06/02/2026,41.33,-701.38,81.43,590.23,-11.61
05/02/2026,74.16,-1121.79,133.16,940.18,-25.70
04/02/2026,761.19,-1615.77,717.42,165.14,-27.98
03/02/2026,514.70,554.47,-801.78,-133.32,-134.07
02/02/2026,1593.12,-1638.05,-219.01,260.66,3.27
30/01/2026,993.64,-872.04,-65.64,-74.18,18.23
29/01/2026,2258.14,-2330.13,163.85,-82.75,-9.11
28/01/2026,1336.70,-691.46,-680.84,-49.45,85.06
27/01/2026,1524.71,-1209.16,-484.74,197.03,-27.84
26/01/2026,2472.11,-2640.15,158.65,112.50,-103.12
23/01/2026,1970.92,-914.32,-890.82,-73.14,-92.64
22/01/2026,3406.92,-2283.57,-1014.92,5.00,-113.44
21/01/2026,3583.55,-1995.97,-1482.99,-61.85,-42.73
20/01/2026,1123.23,-1061.60,20.52,-77.64,-4.52
19/01/2026,314.36,-156.01,282.82,-251.95,-189.21
16/01/2026,2115.42,-1214.53,-425.04,-477.62,1.78
15/01/2026,585.08,-1124.50,-61.38,545.68,55.12
14/01/2026,1646.06,-606.27,-501.92,-545.25,7.38
13/01/2026,960.31,-1320.39,411.76,-320.07,268.38
12/01/2026,648.66,-460.80,140.44,-491.89,163.60
09/01/2026,624.19,1607.15,-294.69,-1953.18,16.53
08/01/2026,180.08,137.26,120.89,-87.58,-350.64
07/01/2026,1242.28,-391.17,424.89,-1131.59,-144.42
06/01/2026,457.12,-386.65,135.08,-174.85,-30.70
05/01/2026,-212.35,36.07,-19.27,231.66,-36.10
02/01/2026,-917.52,340.08,491.88,74.77,10.78
30/12/2025,-46.93,-7.35,77.36,-13.62,-9.46
29/12/2025,-1436.15,949.70,333.50,200.31,-47.36
26/12/2025,149.88,-733.03,357.89,296.24,-70.97
23/12/2025,-122.87,651.37,166.77,-621.54,-73.73
22/12/2025,803.40,100.50,441.32,-92.18,-1253.04
19/12/2025,-768.85,3114.57,-360.17,-2009.86,24.32
18/12/2025,1528.73,-586.06,138.00,-1292.72,212.05
17/12/2025,-330.07,-159.30,341.48,36.41,111.48
16/12/2025,1469.09,-789.85,816.47,-1512.06,16.36
15/12/2025,-635.14,1271.51,6.93,866.67,-1509.97
12/12/2025,690.53,-483.63,-79.12,-96.24,-31.54
11/12/2025,-916.97,243.88,262.92,434.89,-24.73
10/12/2025,122.51,-37.15,143.22,-242.47,13.90
09/12/2025,-1318.08,865.31,292.61,84.47,75.69
08/12/2025,666.87,-1411.15,473.06,239.64,31.57
05/12/2025,-2018.74,637.54,1121.05,80.47,179.67
04/12/2025,149.97,39.37,-361.18,90.63,81.20
03/12/2025,-171.96,388.46,-77.52,50.94,-189.92
02/12/2025,388.22,-247.45,-358.35,196.10,21.48
01/12/2025,-76.92,-915.74,125.10,747.88,119.69
28/11/2025,-495.67,-826.83,42.28,1109.63,170.58
27/11/2025,-279.40,192.45,150.68,-30.94,-32.79
26/11/2025,-76.23,445.13,-478.90,81.47,28.52
25/11/2025,-516.46,358.48,59.80,40.49,57.69
24/11/2025,-750.69,386.58,339.33,-20.78,45.56
21/11/2025,-3158.55,2938.72,-734.43,904.71,49.56
19/11/2025,1354.63,-1631.13,116.05,83.74,76.72
18/11/2025,1234.94,-1619.98,-5.22,293.23,97.04
17/11/2025,715.13,-1039.33,79.26,137.44,107.51
14/11/2025,1434.19,-1009.84,-143.23,-441.30,160.18
13/11/2025,762.83,-1808.05,354.36,216.43,474.43
12/11/2025,786.34,-911.93,-142.73,122.97,145.34
11/11/2025,1479.25,-655.55,-1038.11,201.33,13.07
10/11/2025,561.81,-514.93,-412.31,325.36,40.08
07/11/2025,476.01,-105.51,-540.28,-267.96,437.75
06/11/2025,-113.75,-186.83,59.94,322.19,-81.56
05/11/2025,396.71,365.63,-822.36,49.33,10.70
04/11/2025,-1035.29,-4090.75,-149.60,285.30,4990.35
03/11/2025,-714.96,972.53,-220.63,-49.04,12.10
31/10/2025,526.37,305.14,-121.79,-694.25,-15.46
30/10/2025,-389.47,376.37,-109.00,138.69,-16.59
29/10/2025,756.50,-144.53,-227.92,-375.24,-8.81
28/10/2025,665.85,-184.70,-202.97,-248.47,-29.71
27/10/2025,495.88,-208.74,-245.64,-27.36,-14.14
24/10/2025,439.57,-644.46,-45.09,214.48,35.50
23/10/2025,3508.86,-3230.93,-384.44,107.99,-1.48
22/10/2025,-427.12,293.38,-68.78,169.19,33.34
21/10/2025,-301.42,111.54,196.30,-55.68,49.26
20/10/2025,-242.49,265.89,-193.74,168.33,2.00
17/10/2025,-846.84,1722.20,-174.70,-690.75,-9.91
16/10/2025,1346.23,-1315.11,278.04,-344.01,34.85
15/10/2025,562.93,-756.29,97.27,78.22,17.87
14/10/2025,-482.61,410.39,-22.37,61.83,32.76
13/10/2025,106.17,-161.35,-143.79,117.12,81.84
10/10/2025,-1975.62,987.87,327.80,584.19,75.77
09/10/2025,-856.47,628.49,235.96,-33.15,25.18
08/10/2025,-1184.48,906.58,118.56,117.10,42.25
07/10/2025,-1038.56,370.59,584.68,26.94,56.35
06/10/2025,-618.16,333.61,227.92,14.86,41.77
03/10/2025,-355.62,103.06,79.63,156.66,16.27
02/10/2025,-670.98,133.40,454.15,38.38,45.06
01/10/2025,-244.96,-17.08,98.08,95.59,68.37
30/09/2025,162.46,-302.76,90.62,-38.96,88.64
29/09/2025,314.74,-222.25,82.04,-171.81,-2.72
26/09/2025,8.35,-255.56,170.27,55.26,21.69
25/09/2025,408.96,-868.03,395.67,-44.04,107.44
24/09/2025,551.58,-706.73,82.82,33.21,39.12
23/09/2025,1138.00,-61.22,-83.12,-972.41,-21.25
22/09/2025,801.55,-812.49,344.09,-316.42,-16.74
19/09/2025,-35.59,579.72,-806.27,284.95,-22.81
18/09/2025,276.36,-449.21,95.61,66.84,10.40
17/09/2025,187.95,175.77,-261.42,-66.07,-36.23
16/09/2025,1293.44,-1390.90,-59.38,148.16,8.68
15/09/2025,69.87,91.74,40.49,-234.16,32.05
12/09/2025,239.78,-596.61,226.11,96.33,34.38
11/09/2025,869.92,-5643.18,-457.85,-1.48,5232.59
10/09/2025,479.38,-505.31,-21.47,2.32,45.08
09/09/2025,-279.85,406.39,-35.58,-170.38,79.42
08/09/2025,312.43,-399.44,205.50,-202.49,84.00
05/09/2025,-425.51,901.05,-362.23,-71.20,-42.11
04/09/2025,-463.67,819.57,-216.99,-154.96,16.05
03/09/2025,-470.69,188.19,298.18,-40.37,24.69
02/09/2025,-182.02,-8.03,94.48,57.21,38.37
01/09/2025,9.65,-155.31,59.57,54.09,31.99
29/08/2025,1466.42,-1317.49,-209.57,-16.24,76.88
28/08/2025,-279.17,1025.60,-780.82,55.21,-20.82
27/08/2025,-430.18,726.31,-313.74,67.73,-50.12
26/08/2025,299.04,-493.87,76.47,75.16,43.18
25/08/2025,94.61,-55.04,-8.16,23.01,-54.42
22/08/2025,965.87,-107.19,-865.40,34.74,-28.03
21/08/2025,-42.69,37.48,49.44,-99.73,55.49
20/08/2025,-558.15,355.02,3.00,195.45,4.68
19/08/2025,13.09,-724.86,518.75,475.42,-282.39
18/08/2025,-213.04,233.05,-147.16,61.41,65.74
15/08/2025,-536.89,-64.14,-283.91,846.05,38.89
14/08/2025,114.03,-149.18,95.18,-136.94,76.91
13/08/2025,1046.53,-1476.49,235.65,98.16,96.15
12/08/2025,724.43,-478.27,-291.78,-9.50,55.12
11/08/2025,642.79,-690.05,143.16,-207.07,111.16
08/08/2025,-468.12,364.25,245.38,-244.26,102.75
07/08/2025,-148.87,183.82,-184.76,100.83,48.97
06/08/2025,-811.71,966.75,-180.32,1.14,24.15
05/08/2025,-275.79,260.67,-23.88,10.90,28.09
04/08/2025,319.54,-506.85,82.51,78.47,26.33
01/08/2025,-753.45,630.09,478.89,-377.74,22.21
31/07/2025,-86.03,-523.00,387.34,141.51,80.19
30/07/2025,-306.54,11.88,-84.78,351.45,27.98
29/07/2025,-217.65,-27.31,-155.10,385.75,14.32
28/07/2025,-86.78,-76.15,11.52,164.56,-13.15
25/07/2025,-366.62,226.17,-28.85,143.30,26.00
24/07/2025,-483.16,76.49,260.51,123.33,22.82
23/07/2025,169.63,269.99,-458.63,-35.34,54.35
22/07/2025,335.53,-355.29,21.63,-25.40,23.53
21/07/2025,551.42,-328.30,-341.85,98.05,20.67
18/07/2025,-868.04,323.27,285.53,208.16,51.08
17/07/2025,-883.81,885.96,-46.17,15.65,28.35
16/07/2025,-662.05,632.68,50.58,-59.17,37.96
15/07/2025,-1074.34,672.35,207.30,148.93,45.75
14/07/2025,-904.94,769.60,209.62,257.04,-331.32
11/07/2025,-917.68,368.21,138.64,375.20,35.63
10/07/2025,-939.56,240.51,-160.71,728.33,131.44
09/07/2025,-654.69,-815.56,398.46,1544.59,-472.81
