CNPJ_CIA,DT_REFER,VERSAO,DENOM_CIA,CD_CVM,GRUPO_DFP,MOEDA,ESCALA_MOEDA,ORDEM_EXERC,DT_INI_EXERC,DT_FIM_EXERC,CD_CONTA,DS_CONTA,VL_CONTA,ST_CONTA_FIXA,TIPO_DEMONSTRATIVO
00.070.698/0001-11,2025-03-31,1,COMPANHIA ENERGÉTICA DE BRASÍLIA - CEB,014451,DF Individual - Demonstração do Fluxo de Caixa (Método Direto),REAL,MIL,ÚLTIMO,2025-01-01,2025-03-31,6.01,Caixa Líquido Atividades Operacionais,6855000.0,S,ind
00.070.698/0001-11,2025-03-31,1,COMPANHIA ENERGÉTICA DE BRASÍLIA - CEB,014451,DF Consolidado - Demonstração do Fluxo de Caixa (Método Direto),REAL,MIL,ÚLTIMO,2025-01-01,2025-03-31,6.01,Caixa Líquido Atividades Operacionais,-26854000.0,S,con
00.070.698/0001-11,2025-03-31,1,COMPANHIA ENERGÉTICA DE BRASÍLIA - CEB,014451,DF Individual - Demonstração do Fluxo de Caixa (Método Direto),REAL,MIL,ÚLTIMO,2025-01-01,2025-03-31,6.01.06,Rendimento de Aplicações Financeiras,10061000.0,N,ind
00.070.698/0001-11,2025-03-31,1,COMPANHIA ENERGÉTICA DE BRASÍLIA - CEB,014451,DF Consolidado - Demonstração do Fluxo de Caixa (Método Direto),REAL,MIL,ÚLTIMO,2025-01-01,2025-03-31,6.01.06,Rendimento de Aplicações Financeiras,21049000.0,N,con
00.070.698/0001-11,2025-03-31,1,COMPANHIA ENERGÉTICA DE BRASÍLIA - CEB,014451,DF Individual - Demonstração do Fluxo de Caixa (Método Direto),REAL,MIL,ÚLTIMO,2025-01-01,2025-03-31,6.02,Caixa Líquido Atividades de Investimento,-113000.0,S,ind
00.070.698/0001-11,2025-03-31,1,COMPANHIA ENERGÉTICA DE BRASÍLIA - CEB,014451,DF Consolidado - Demonstração do Fluxo de Caixa (Método Direto),REAL,MIL,ÚLTIMO,2025-01-01,2025-03-31,6.02,Caixa Líquido Atividades de Investimento,280000.0,S,con
00.070.698/0001-11,2025-03-31,1,COMPANHIA ENERGÉTICA DE BRASÍLIA - CEB,014451,DF Consolidado - Demonstração do Fluxo de Caixa (Método Direto),REAL,MIL,ÚLTIMO,2025-01-01,2025-03-31,6.02.01,"Aquisição de ativos financeiros da concessão, intangíveis e imobilizados",-170000.0,N,con
00.070.698/0001-11,2025-03-31,1,COMPANHIA ENERGÉTICA DE BRASÍLIA - CEB,014451,DF Individual - Demonstração do Fluxo de Caixa (Método Direto),REAL,MIL,ÚLTIMO,2025-01-01,2025-03-31,6.03,Caixa Líquido Atividades de Financiamento,0.0,S,ind
00.070.698/0001-11,2025-03-31,1,COMPANHIA ENERGÉTICA DE BRASÍLIA - CEB,014451,DF Consolidado - Demonstração do Fluxo de Caixa (Método Direto),REAL,MIL,ÚLTIMO,2025-01-01,2025-03-31,6.03,Caixa Líquido Atividades de Financiamento,-113000.0,S,con
00.070.698/0001-11,2025-03-31,1,COMPANHIA ENERGÉTICA DE BRASÍLIA - CEB,014451,DF Individual - Demonstração do Fluxo de Caixa (Método Direto),REAL,MIL,ÚLTIMO,2025-01-01,2025-03-31,6.04,Variação Cambial s/ Caixa e Equivalentes,0.0,S,ind
00.070.698/0001-11,2025-03-31,1,COMPANHIA ENERGÉTICA DE BRASÍLIA - CEB,014451,DF Consolidado - Demonstração do Fluxo de Caixa (Método Direto),REAL,MIL,ÚLTIMO,2025-01-01,2025-03-31,6.04,Variação Cambial s/ Caixa e Equivalentes,0.0,S,con
00.070.698/0001-11,2025-03-31,1,COMPANHIA ENERGÉTICA DE BRASÍLIA - CEB,014451,DF Individual - Demonstração do Fluxo de Caixa (Método Direto),REAL,MIL,ÚLTIMO,2025-01-01,2025-03-31,6.05,Aumento (Redução) de Caixa e Equivalentes,6742000.0,S,ind
00.070.698/0001-11,2025-03-31,1,COMPANHIA ENERGÉTICA DE BRASÍLIA - CEB,014451,DF Consolidado - Demonstração do Fluxo de Caixa (Método Direto),REAL,MIL,ÚLTIMO,2025-01-01,2025-03-31,6.05,Aumento (Redução) de Caixa e Equivalentes,-26687000.0,S,con
00.070.698/0001-11,2026-03-31,1,COMPANHIA ENERGÉTICA DE BRASÍLIA - CEB,014451,DF Individual - Demonstração do Fluxo de Caixa (Método Direto),REAL,MIL,ÚLTIMO,2026-01-01,2026-03-31,6.01,Caixa Líquido Atividades Operacionais,19387000.0,S,ind
00.070.698/0001-11,2026-03-31,1,COMPANHIA ENERGÉTICA DE BRASÍLIA - CEB,014451,DF Consolidado - Demonstração do Fluxo de Caixa (Método Direto),REAL,MIL,ÚLTIMO,2026-01-01,2026-03-31,6.01,Caixa Líquido Atividades Operacionais,5253000.0,S,con
00.070.698/0001-11,2026-03-31,1,COMPANHIA ENERGÉTICA DE BRASÍLIA - CEB,014451,DF Individual - Demonstração do Fluxo de Caixa (Método Direto),REAL,MIL,ÚLTIMO,2026-01-01,2026-03-31,6.01.06,Rendimento de Aplicações Financeiras,4828000.0,N,ind
00.070.698/0001-11,2026-03-31,1,COMPANHIA ENERGÉTICA DE BRASÍLIA - CEB,014451,DF Consolidado - Demonstração do Fluxo de Caixa (Método Direto),REAL,MIL,ÚLTIMO,2026-01-01,2026-03-31,6.01.06,Rendimento de Aplicações Financeiras,13878000.0,N,con
00.070.698/0001-11,2026-03-31,1,COMPANHIA ENERGÉTICA DE BRASÍLIA - CEB,014451,DF Individual - Demonstração do Fluxo de Caixa (Método Direto),REAL,MIL,ÚLTIMO,2026-01-01,2026-03-31,6.02,Caixa Líquido Atividades de Investimento,-48489000.0,S,ind
00.070.698/0001-11,2026-03-31,1,COMPANHIA ENERGÉTICA DE BRASÍLIA - CEB,014451,DF Consolidado - Demonstração do Fluxo de Caixa (Método Direto),REAL,MIL,ÚLTIMO,2026-01-01,2026-03-31,6.02,Caixa Líquido Atividades de Investimento,-48780000.0,S,con
00.070.698/0001-11,2026-03-31,1,COMPANHIA ENERGÉTICA DE BRASÍLIA - CEB,014451,DF Consolidado - Demonstração do Fluxo de Caixa (Método Direto),REAL,MIL,ÚLTIMO,2026-01-01,2026-03-31,6.02.01,"Aquisição de ativos financeiros da concessão, intangíveis e imobilizados",-7972000.0,N,con
00.070.698/0001-11,2026-03-31,1,COMPANHIA ENERGÉTICA DE BRASÍLIA - CEB,014451,DF Individual - Demonstração do Fluxo de Caixa (Método Direto),REAL,MIL,ÚLTIMO,2026-01-01,2026-03-31,6.02.02,"Aquisição de Ativos Financeiros da Concessão, intangíveis e Imobilizados",-7025000.0,N,ind
00.070.698/0001-11,2026-03-31,1,COMPANHIA ENERGÉTICA DE BRASÍLIA - CEB,014451,DF Individual - Demonstração do Fluxo de Caixa (Método Direto),REAL,MIL,ÚLTIMO,2026-01-01,2026-03-31,6.03,Caixa Líquido Atividades de Financiamento,0.0,S,ind
00.070.698/0001-11,2026-03-31,1,COMPANHIA ENERGÉTICA DE BRASÍLIA - CEB,014451,DF Consolidado - Demonstração do Fluxo de Caixa (Método Direto),REAL,MIL,ÚLTIMO,2026-01-01,2026-03-31,6.03,Caixa Líquido Atividades de Financiamento,-131000.0,S,con
00.070.698/0001-11,2026-03-31,1,COMPANHIA ENERGÉTICA DE BRASÍLIA - CEB,014451,DF Individual - Demonstração do Fluxo de Caixa (Método Direto),REAL,MIL,ÚLTIMO,2026-01-01,2026-03-31,6.04,Variação Cambial s/ Caixa e Equivalentes,0.0,S,ind
00.070.698/0001-11,2026-03-31,1,COMPANHIA ENERGÉTICA DE BRASÍLIA - CEB,014451,DF Consolidado - Demonstração do Fluxo de Caixa (Método Direto),REAL,MIL,ÚLTIMO,2026-01-01,2026-03-31,6.04,Variação Cambial s/ Caixa e Equivalentes,0.0,S,con
00.070.698/0001-11,2026-03-31,1,COMPANHIA ENERGÉTICA DE BRASÍLIA - CEB,014451,DF Individual - Demonstração do Fluxo de Caixa (Método Direto),REAL,MIL,ÚLTIMO,2026-01-01,2026-03-31,6.05,Aumento (Redução) de Caixa e Equivalentes,-29102000.0,S,ind
00.070.698/0001-11,2026-03-31,1,COMPANHIA ENERGÉTICA DE BRASÍLIA - CEB,014451,DF Consolidado - Demonstração do Fluxo de Caixa (Método Direto),REAL,MIL,ÚLTIMO,2026-01-01,2026-03-31,6.05,Aumento (Redução) de Caixa e Equivalentes,-43658000.0,S,con
01.319.044/0001-41,2025-03-31,1,WTC AMAZONAS SUITE HOTEL S.A.,015741,DF Individual - Demonstração do Fluxo de Caixa (Método Direto),REAL,MIL,ÚLTIMO,2025-01-01,2025-03-31,6.01,Caixa Líquido Atividades Operacionais,-4000.0,S,ind
01.319.044/0001-41,2025-03-31,1,WTC AMAZONAS SUITE HOTEL S.A.,015741,DF Individual - Demonstração do Fluxo de Caixa (Método Direto),REAL,MIL,ÚLTIMO,2025-01-01,2025-03-31,6.02,Caixa Líquido Atividades de Investimento,0.0,S,ind
01.319.044/0001-41,2025-03-31,1,WTC AMAZONAS SUITE HOTEL S.A.,015741,DF Individual - Demonstração do Fluxo de Caixa (Método Direto),REAL,MIL,ÚLTIMO,2025-01-01,2025-03-31,6.03,Caixa Líquido Atividades de Financiamento,4000.0,S,ind
01.319.044/0001-41,2025-03-31,1,WTC AMAZONAS SUITE HOTEL S.A.,015741,DF Individual - Demonstração do Fluxo de Caixa (Método Direto),REAL,MIL,ÚLTIMO,2025-01-01,2025-03-31,6.04,Variação Cambial s/ Caixa e Equivalentes,0.0,S,ind
01.319.044/0001-41,2025-03-31,1,WTC AMAZONAS SUITE HOTEL S.A.,015741,DF Individual - Demonstração do Fluxo de Caixa (Método Direto),REAL,MIL,ÚLTIMO,2025-01-01,2025-03-31,6.05,Aumento (Redução) de Caixa e Equivalentes,0.0,S,ind
01.319.044/0001-41,2026-03-31,1,WTC AMAZONAS SUITE HOTEL S.A.,015741,DF Individual - Demonstração do Fluxo de Caixa (Método Direto),REAL,MIL,ÚLTIMO,2026-01-01,2026-03-31,6.01,Caixa Líquido Atividades Operacionais,-8000.0,S,ind
01.319.044/0001-41,2026-03-31,1,WTC AMAZONAS SUITE HOTEL S.A.,015741,DF Individual - Demonstração do Fluxo de Caixa (Método Direto),REAL,MIL,ÚLTIMO,2026-01-01,2026-03-31,6.02,Caixa Líquido Atividades de Investimento,0.0,S,ind
01.319.044/0001-41,2026-03-31,1,WTC AMAZONAS SUITE HOTEL S.A.,015741,DF Individual - Demonstração do Fluxo de Caixa (Método Direto),REAL,MIL,ÚLTIMO,2026-01-01,2026-03-31,6.03,Caixa Líquido Atividades de Financiamento,8000.0,S,ind
01.319.044/0001-41,2026-03-31,1,WTC AMAZONAS SUITE HOTEL S.A.,015741,DF Individual - Demonstração do Fluxo de Caixa (Método Direto),REAL,MIL,ÚLTIMO,2026-01-01,2026-03-31,6.04,Variação Cambial s/ Caixa e Equivalentes,0.0,S,ind
01.319.044/0001-41,2026-03-31,1,WTC AMAZONAS SUITE HOTEL S.A.,015741,DF Individual - Demonstração do Fluxo de Caixa (Método Direto),REAL,MIL,ÚLTIMO,2026-01-01,2026-03-31,6.05,Aumento (Redução) de Caixa e Equivalentes,0.0,S,ind
01.989.044/0001-59,2025-03-31,2,WTC RIO EMPREEND. E PARTICIPAÇÕES S.A.,016551,DF Individual - Demonstração do Fluxo de Caixa (Método Direto),REAL,MIL,ÚLTIMO,2025-01-01,2025-03-31,6.01,Caixa Líquido Atividades Operacionais,-5000.0,S,ind
01.989.044/0001-59,2025-03-31,2,WTC RIO EMPREEND. E PARTICIPAÇÕES S.A.,016551,DF Individual - Demonstração do Fluxo de Caixa (Método Direto),REAL,MIL,ÚLTIMO,2025-01-01,2025-03-31,6.02,Caixa Líquido Atividades de Investimento,0.0,S,ind
01.989.044/0001-59,2025-03-31,2,WTC RIO EMPREEND. E PARTICIPAÇÕES S.A.,016551,DF Individual - Demonstração do Fluxo de Caixa (Método Direto),REAL,MIL,ÚLTIMO,2025-01-01,2025-03-31,6.03,Caixa Líquido Atividades de Financiamento,5000.0,S,ind
01.989.044/0001-59,2025-03-31,2,WTC RIO EMPREEND. E PARTICIPAÇÕES S.A.,016551,DF Individual - Demonstração do Fluxo de Caixa (Método Direto),REAL,MIL,ÚLTIMO,2025-01-01,2025-03-31,6.04,Variação Cambial s/ Caixa e Equivalentes,0.0,S,ind
01.989.044/0001-59,2025-03-31,2,WTC RIO EMPREEND. E PARTICIPAÇÕES S.A.,016551,DF Individual - Demonstração do Fluxo de Caixa (Método Direto),REAL,MIL,ÚLTIMO,2025-01-01,2025-03-31,6.05,Aumento (Redução) de Caixa e Equivalentes,0.0,S,ind
01.989.044/0001-59,2026-03-31,1,WTC RIO EMPREEND. E PARTICIPAÇÕES S.A.,016551,DF Individual - Demonstração do Fluxo de Caixa (Método Direto),REAL,MIL,ÚLTIMO,2026-01-01,2026-03-31,6.01,Caixa Líquido Atividades Operacionais,-8000.0,S,ind
01.989.044/0001-59,2026-03-31,1,WTC RIO EMPREEND. E PARTICIPAÇÕES S.A.,016551,DF Individual - Demonstração do Fluxo de Caixa (Método Direto),REAL,MIL,ÚLTIMO,2026-01-01,2026-03-31,6.02,Caixa Líquido Atividades de Investimento,0.0,S,ind
01.989.044/0001-59,2026-03-31,1,WTC RIO EMPREEND. E PARTICIPAÇÕES S.A.,016551,DF Individual - Demonstração do Fluxo de Caixa (Método Direto),REAL,MIL,ÚLTIMO,2026-01-01,2026-03-31,6.03,Caixa Líquido Atividades de Financiamento,8000.0,S,ind
01.989.044/0001-59,2026-03-31,1,WTC RIO EMPREEND. E PARTICIPAÇÕES S.A.,016551,DF Individual - Demonstração do Fluxo de Caixa (Método Direto),REAL,MIL,ÚLTIMO,2026-01-01,2026-03-31,6.04,Variação Cambial s/ Caixa e Equivalentes,0.0,S,ind
01.989.044/0001-59,2026-03-31,1,WTC RIO EMPREEND. E PARTICIPAÇÕES S.A.,016551,DF Individual - Demonstração do Fluxo de Caixa (Método Direto),REAL,MIL,ÚLTIMO,2026-01-01,2026-03-31,6.05,Aumento (Redução) de Caixa e Equivalentes,0.0,S,ind
02.201.787/0001-85,2025-03-31,1,CEL PARTICIPAÇÕES S.A. - CELPAR,016675,DF Individual - Demonstração do Fluxo de Caixa (Método Direto),REAL,UNIDADE,ÚLTIMO,2025-01-01,2025-03-31,6.01,Caixa Líquido Atividades Operacionais,463.0,S,ind
02.201.787/0001-85,2025-03-31,1,CEL PARTICIPAÇÕES S.A. - CELPAR,016675,DF Consolidado - Demonstração do Fluxo de Caixa (Método Direto),REAL,UNIDADE,ÚLTIMO,2025-01-01,2025-03-31,6.01,Caixa Líquido Atividades Operacionais,425832.0,S,con
02.201.787/0001-85,2025-03-31,1,CEL PARTICIPAÇÕES S.A. - CELPAR,016675,DF Individual - Demonstração do Fluxo de Caixa (Método Direto),REAL,UNIDADE,ÚLTIMO,2025-01-01,2025-03-31,6.02,Caixa Líquido Atividades de Investimento,0.0,S,ind
02.201.787/0001-85,2025-03-31,1,CEL PARTICIPAÇÕES S.A. - CELPAR,016675,DF Consolidado - Demonstração do Fluxo de Caixa (Método Direto),REAL,UNIDADE,ÚLTIMO,2025-01-01,2025-03-31,6.02,Caixa Líquido Atividades de Investimento,0.0,S,con
02.201.787/0001-85,2025-03-31,1,CEL PARTICIPAÇÕES S.A. - CELPAR,016675,DF Individual - Demonstração do Fluxo de Caixa (Método Direto),REAL,UNIDADE,ÚLTIMO,2025-01-01,2025-03-31,6.03,Caixa Líquido Atividades de Financiamento,0.0,S,ind
02.201.787/0001-85,2025-03-31,1,CEL PARTICIPAÇÕES S.A. - CELPAR,016675,DF Consolidado - Demonstração do Fluxo de Caixa (Método Direto),REAL,UNIDADE,ÚLTIMO,2025-01-01,2025-03-31,6.03,Caixa Líquido Atividades de Financiamento,0.0,S,con
02.201.787/0001-85,2025-03-31,1,CEL PARTICIPAÇÕES S.A. - CELPAR,016675,DF Individual - Demonstração do Fluxo de Caixa (Método Direto),REAL,UNIDADE,ÚLTIMO,2025-01-01,2025-03-31,6.04,Variação Cambial s/ Caixa e Equivalentes,0.0,S,ind
02.201.787/0001-85,2025-03-31,1,CEL PARTICIPAÇÕES S.A. - CELPAR,016675,DF Consolidado - Demonstração do Fluxo de Caixa (Método Direto),REAL,UNIDADE,ÚLTIMO,2025-01-01,2025-03-31,6.04,Variação Cambial s/ Caixa e Equivalentes,0.0,S,con
02.201.787/0001-85,2025-03-31,1,CEL PARTICIPAÇÕES S.A. - CELPAR,016675,DF Individual - Demonstração do Fluxo de Caixa (Método Direto),REAL,UNIDADE,ÚLTIMO,2025-01-01,2025-03-31,6.05,Aumento (Redução) de Caixa e Equivalentes,463.0,S,ind
02.201.787/0001-85,2025-03-31,1,CEL PARTICIPAÇÕES S.A. - CELPAR,016675,DF Consolidado - Demonstração do Fluxo de Caixa (Método Direto),REAL,UNIDADE,ÚLTIMO,2025-01-01,2025-03-31,6.05,Aumento (Redução) de Caixa e Equivalentes,425832.0,S,con
02.201.787/0001-85,2026-03-31,1,CEL PARTICIPAÇÕES S.A. - CELPAR,016675,DF Consolidado - Demonstração do Fluxo de Caixa (Método Direto),REAL,UNIDADE,ÚLTIMO,2026-01-01,2026-03-31,6.01,Caixa Líquido Atividades Operacionais,-137315.0,S,con
02.201.787/0001-85,2026-03-31,1,CEL PARTICIPAÇÕES S.A. - CELPAR,016675,DF Individual - Demonstração do Fluxo de Caixa (Método Direto),REAL,UNIDADE,ÚLTIMO,2026-01-01,2026-03-31,6.01,Caixa Líquido Atividades Operacionais,-49.0,S,ind
02.201.787/0001-85,2026-03-31,1,CEL PARTICIPAÇÕES S.A. - CELPAR,016675,DF Consolidado - Demonstração do Fluxo de Caixa (Método Direto),REAL,UNIDADE,ÚLTIMO,2026-01-01,2026-03-31,6.02,Caixa Líquido Atividades de Investimento,0.0,S,con
02.201.787/0001-85,2026-03-31,1,CEL PARTICIPAÇÕES S.A. - CELPAR,016675,DF Individual - Demonstração do Fluxo de Caixa (Método Direto),REAL,UNIDADE,ÚLTIMO,2026-01-01,2026-03-31,6.02,Caixa Líquido Atividades de Investimento,0.0,S,ind
02.201.787/0001-85,2026-03-31,1,CEL PARTICIPAÇÕES S.A. - CELPAR,016675,DF Consolidado - Demonstração do Fluxo de Caixa (Método Direto),REAL,UNIDADE,ÚLTIMO,2026-01-01,2026-03-31,6.03,Caixa Líquido Atividades de Financiamento,0.0,S,con
02.201.787/0001-85,2026-03-31,1,CEL PARTICIPAÇÕES S.A. - CELPAR,016675,DF Individual - Demonstração do Fluxo de Caixa (Método Direto),REAL,UNIDADE,ÚLTIMO,2026-01-01,2026-03-31,6.03,Caixa Líquido Atividades de Financiamento,0.0,S,ind
02.201.787/0001-85,2026-03-31,1,CEL PARTICIPAÇÕES S.A. - CELPAR,016675,DF Consolidado - Demonstração do Fluxo de Caixa (Método Direto),REAL,UNIDADE,ÚLTIMO,2026-01-01,2026-03-31,6.04,Variação Cambial s/ Caixa e Equivalentes,0.0,S,con
02.201.787/0001-85,2026-03-31,1,CEL PARTICIPAÇÕES S.A. - CELPAR,016675,DF Individual - Demonstração do Fluxo de Caixa (Método Direto),REAL,UNIDADE,ÚLTIMO,2026-01-01,2026-03-31,6.04,Variação Cambial s/ Caixa e Equivalentes,0.0,S,ind
02.201.787/0001-85,2026-03-31,1,CEL PARTICIPAÇÕES S.A. - CELPAR,016675,DF Consolidado - Demonstração do Fluxo de Caixa (Método Direto),REAL,UNIDADE,ÚLTIMO,2026-01-01,2026-03-31,6.05,Aumento (Redução) de Caixa e Equivalentes,-137315.0,S,con
02.201.787/0001-85,2026-03-31,1,CEL PARTICIPAÇÕES S.A. - CELPAR,016675,DF Individual - Demonstração do Fluxo de Caixa (Método Direto),REAL,UNIDADE,ÚLTIMO,2026-01-01,2026-03-31,6.05,Aumento (Redução) de Caixa e Equivalentes,-49.0,S,ind
04.912.242/0001-02,2025-03-31,1,PORTUENSE FERRAGENS S/A,009717,DF Individual - Demonstração do Fluxo de Caixa (Método Direto),REAL,UNIDADE,ÚLTIMO,2025-01-01,2025-03-31,6.01,Caixa Líquido Atividades Operacionais,9.0,S,ind
04.912.242/0001-02,2025-03-31,1,PORTUENSE FERRAGENS S/A,009717,DF Individual - Demonstração do Fluxo de Caixa (Método Direto),REAL,UNIDADE,ÚLTIMO,2025-01-01,2025-03-31,6.02,Caixa Líquido Atividades de Investimento,0.0,S,ind
04.912.242/0001-02,2025-03-31,1,PORTUENSE FERRAGENS S/A,009717,DF Individual - Demonstração do Fluxo de Caixa (Método Direto),REAL,UNIDADE,ÚLTIMO,2025-01-01,2025-03-31,6.03,Caixa Líquido Atividades de Financiamento,-35.0,S,ind
04.912.242/0001-02,2025-03-31,1,PORTUENSE FERRAGENS S/A,009717,DF Individual - Demonstração do Fluxo de Caixa (Método Direto),REAL,UNIDADE,ÚLTIMO,2025-01-01,2025-03-31,6.04,Variação Cambial s/ Caixa e Equivalentes,0.0,S,ind
04.912.242/0001-02,2025-03-31,1,PORTUENSE FERRAGENS S/A,009717,DF Individual - Demonstração do Fluxo de Caixa (Método Direto),REAL,UNIDADE,ÚLTIMO,2025-01-01,2025-03-31,6.05,Aumento (Redução) de Caixa e Equivalentes,-26.0,S,ind
04.912.242/0001-02,2026-03-31,1,PORTUENSE FERRAGENS S/A,009717,DF Individual - Demonstração do Fluxo de Caixa (Método Direto),REAL,UNIDADE,ÚLTIMO,2026-01-01,2026-03-31,6.01,Caixa Líquido Atividades Operacionais,47.0,S,ind
04.912.242/0001-02,2026-03-31,1,PORTUENSE FERRAGENS S/A,009717,DF Individual - Demonstração do Fluxo de Caixa (Método Direto),REAL,UNIDADE,ÚLTIMO,2026-01-01,2026-03-31,6.02,Caixa Líquido Atividades de Investimento,0.0,S,ind
04.912.242/0001-02,2026-03-31,1,PORTUENSE FERRAGENS S/A,009717,DF Individual - Demonstração do Fluxo de Caixa (Método Direto),REAL,UNIDADE,ÚLTIMO,2026-01-01,2026-03-31,6.03,Caixa Líquido Atividades de Financiamento,-30.0,S,ind
04.912.242/0001-02,2026-03-31,1,PORTUENSE FERRAGENS S/A,009717,DF Individual - Demonstração do Fluxo de Caixa (Método Direto),REAL,UNIDADE,ÚLTIMO,2026-01-01,2026-03-31,6.04,Variação Cambial s/ Caixa e Equivalentes,0.0,S,ind
04.912.242/0001-02,2026-03-31,1,PORTUENSE FERRAGENS S/A,009717,DF Individual - Demonstração do Fluxo de Caixa (Método Direto),REAL,UNIDADE,ÚLTIMO,2026-01-01,2026-03-31,6.05,Aumento (Redução) de Caixa e Equivalentes,17.0,S,ind
07.857.093/0001-14,2025-03-31,1,AURA MINERALS INC.,080187,DF Consolidado - Demonstração do Fluxo de Caixa (Método Direto),REAL,MIL,ÚLTIMO,2025-01-01,2025-03-31,6.01,Caixa Líquido Atividades Operacionais,241426000.0,S,con
07.857.093/0001-14,2025-03-31,1,AURA MINERALS INC.,080187,DF Consolidado - Demonstração do Fluxo de Caixa (Método Direto),REAL,MIL,ÚLTIMO,2025-01-01,2025-03-31,6.02,Caixa Líquido Atividades de Investimento,-411439000.0,S,con
07.857.093/0001-14,2025-03-31,1,AURA MINERALS INC.,080187,DF Consolidado - Demonstração do Fluxo de Caixa (Método Direto),REAL,MIL,ÚLTIMO,2025-01-01,2025-03-31,6.02.01,"Aquisição de imobilizado, líquido",-302888000.0,N,con
07.857.093/0001-14,2025-03-31,1,AURA MINERALS INC.,080187,DF Consolidado - Demonstração do Fluxo de Caixa (Método Direto),REAL,MIL,ÚLTIMO,2025-01-01,2025-03-31,6.02.02,Resgates líquidos no vencimento de aplicações financeiras,0.0,N,con
07.857.093/0001-14,2025-03-31,1,AURA MINERALS INC.,080187,DF Consolidado - Demonstração do Fluxo de Caixa (Método Direto),REAL,MIL,ÚLTIMO,2025-01-01,2025-03-31,6.02.03,Valor recebido pela venda de imobilizado,0.0,N,con
07.857.093/0001-14,2025-03-31,1,AURA MINERALS INC.,080187,DF Consolidado - Demonstração do Fluxo de Caixa (Método Direto),REAL,MIL,ÚLTIMO,2025-01-01,2025-03-31,6.02.04,Investimento líquido em aplicações financeiras,0.0,N,con
07.857.093/0001-14,2025-03-31,1,AURA MINERALS INC.,080187,DF Consolidado - Demonstração do Fluxo de Caixa (Método Direto),REAL,MIL,ÚLTIMO,2025-01-01,2025-03-31,6.03,Caixa Líquido Atividades de Financiamento,-261892000.0,S,con
07.857.093/0001-14,2025-03-31,1,AURA MINERALS INC.,080187,DF Consolidado - Demonstração do Fluxo de Caixa (Método Direto),REAL,MIL,ÚLTIMO,2025-01-01,2025-03-31,6.04,Variação Cambial s/ Caixa e Equivalentes,-103851000.0,S,con
07.857.093/0001-14,2025-03-31,1,AURA MINERALS INC.,080187,DF Consolidado - Demonstração do Fluxo de Caixa (Método Direto),REAL,MIL,ÚLTIMO,2025-01-01,2025-03-31,6.05,Aumento (Redução) de Caixa e Equivalentes,-535756000.0,S,con
07.857.093/0001-14,2026-03-31,1,AURA MINERALS INC.,080187,DF Consolidado - Demonstração do Fluxo de Caixa (Método Direto),REAL,MIL,ÚLTIMO,2026-01-01,2026-03-31,6.01,Caixa Líquido Atividades Operacionais,619893000.0,S,con
07.857.093/0001-14,2026-03-31,1,AURA MINERALS INC.,080187,DF Consolidado - Demonstração do Fluxo de Caixa (Método Direto),REAL,MIL,ÚLTIMO,2026-01-01,2026-03-31,6.02,Caixa Líquido Atividades de Investimento,-233420000.0,S,con
07.857.093/0001-14,2026-03-31,1,AURA MINERALS INC.,080187,DF Consolidado - Demonstração do Fluxo de Caixa (Método Direto),REAL,MIL,ÚLTIMO,2026-01-01,2026-03-31,6.02.01,"Aquisição de imobilizado, líquido",-231963000.0,N,con
07.857.093/0001-14,2026-03-31,1,AURA MINERALS INC.,080187,DF Consolidado - Demonstração do Fluxo de Caixa (Método Direto),REAL,MIL,ÚLTIMO,2026-01-01,2026-03-31,6.02.02,Resgates líquidos no vencimento de aplicações financeiras,0.0,N,con
07.857.093/0001-14,2026-03-31,1,AURA MINERALS INC.,080187,DF Consolidado - Demonstração do Fluxo de Caixa (Método Direto),REAL,MIL,ÚLTIMO,2026-01-01,2026-03-31,6.02.04,Investimento líquido em aplicações financeiras,0.0,N,con
07.857.093/0001-14,2026-03-31,1,AURA MINERALS INC.,080187,DF Consolidado - Demonstração do Fluxo de Caixa (Método Direto),REAL,MIL,ÚLTIMO,2026-01-01,2026-03-31,6.03,Caixa Líquido Atividades de Financiamento,-488448000.0,S,con
07.857.093/0001-14,2026-03-31,1,AURA MINERALS INC.,080187,DF Consolidado - Demonstração do Fluxo de Caixa (Método Direto),REAL,MIL,ÚLTIMO,2026-01-01,2026-03-31,6.04,Variação Cambial s/ Caixa e Equivalentes,-74322000.0,S,con
07.857.093/0001-14,2026-03-31,1,AURA MINERALS INC.,080187,DF Consolidado - Demonstração do Fluxo de Caixa (Método Direto),REAL,MIL,ÚLTIMO,2026-01-01,2026-03-31,6.05,Aumento (Redução) de Caixa e Equivalentes,-176297000.0,S,con
08.213.823/0001-07,2025-03-31,1,AURA ALMAS MINERAÇÃO S.A.,026590,DF Individual - Demonstração do Fluxo de Caixa (Método Direto),REAL,MIL,ÚLTIMO,2025-01-01,2025-03-31,6.01,Caixa Líquido Atividades Operacionais,87222000.0,S,ind
08.213.823/0001-07,2025-03-31,1,AURA ALMAS MINERAÇÃO S.A.,026590,DF Individual - Demonstração do Fluxo de Caixa (Método Direto),REAL,MIL,ÚLTIMO,2025-01-01,2025-03-31,6.02,Caixa Líquido Atividades de Investimento,-248338000.0,S,ind
08.213.823/0001-07,2025-03-31,1,AURA ALMAS MINERAÇÃO S.A.,026590,DF Individual - Demonstração do Fluxo de Caixa (Método Direto),REAL,MIL,ÚLTIMO,2025-01-01,2025-03-31,6.02.01,"Aquisição de imobilizado, líquido",-17212000.0,N,ind
08.213.823/0001-07,2025-03-31,1,AURA ALMAS MINERAÇÃO S.A.,026590,DF Individual - Demonstração do Fluxo de Caixa (Método Direto),REAL,MIL,ÚLTIMO,2025-01-01,2025-03-31,6.03,Caixa Líquido Atividades de Financiamento,719000.0,S,ind
08.213.823/0001-07,2025-03-31,1,AURA ALMAS MINERAÇÃO S.A.,026590,DF Individual - Demonstração do Fluxo de Caixa (Método Direto),REAL,MIL,ÚLTIMO,2025-01-01,2025-03-31,6.04,Variação Cambial s/ Caixa e Equivalentes,-66630000.0,S,ind
08.213.823/0001-07,2025-03-31,1,AURA ALMAS MINERAÇÃO S.A.,026590,DF Individual - Demonstração do Fluxo de Caixa (Método Direto),REAL,MIL,ÚLTIMO,2025-01-01,2025-03-31,6.05,Aumento (Redução) de Caixa e Equivalentes,-227027000.0,S,ind
08.213.823/0001-07,2026-03-31,1,AURA ALMAS MINERAÇÃO S.A.,026590,DF Individual - Demonstração do Fluxo de Caixa (Método Direto),REAL,MIL,ÚLTIMO,2026-01-01,2026-03-31,6.01,Caixa Líquido Atividades Operacionais,136545000.0,S,ind
08.213.823/0001-07,2026-03-31,1,AURA ALMAS MINERAÇÃO S.A.,026590,DF Individual - Demonstração do Fluxo de Caixa (Método Direto),REAL,MIL,ÚLTIMO,2026-01-01,2026-03-31,6.01.02,Ajustes de Depreciação e Amortização,20115000.0,N,ind
08.213.823/0001-07,2026-03-31,1,AURA ALMAS MINERAÇÃO S.A.,026590,DF Individual - Demonstração do Fluxo de Caixa (Método Direto),REAL,MIL,ÚLTIMO,2026-01-01,2026-03-31,6.02,Caixa Líquido Atividades de Investimento,-23321000.0,S,ind
08.213.823/0001-07,2026-03-31,1,AURA ALMAS MINERAÇÃO S.A.,026590,DF Individual - Demonstração do Fluxo de Caixa (Método Direto),REAL,MIL,ÚLTIMO,2026-01-01,2026-03-31,6.02.01,Aquisição de imobilizado e intangível,-23321000.0,N,ind
08.213.823/0001-07,2026-03-31,1,AURA ALMAS MINERAÇÃO S.A.,026590,DF Individual - Demonstração do Fluxo de Caixa (Método Direto),REAL,MIL,ÚLTIMO,2026-01-01,2026-03-31,6.03,Caixa Líquido Atividades de Financiamento,-52257000.0,S,ind
08.213.823/0001-07,2026-03-31,1,AURA ALMAS MINERAÇÃO S.A.,026590,DF Individual - Demonstração do Fluxo de Caixa (Método Direto),REAL,MIL,ÚLTIMO,2026-01-01,2026-03-31,6.04,Variação Cambial s/ Caixa e Equivalentes,-9990000.0,S,ind
08.213.823/0001-07,2026-03-31,1,AURA ALMAS MINERAÇÃO S.A.,026590,DF Individual - Demonstração do Fluxo de Caixa (Método Direto),REAL,MIL,ÚLTIMO,2026-01-01,2026-03-31,6.05,Aumento (Redução) de Caixa e Equivalentes,50977000.0,S,ind
08.926.302/0001-05,2025-03-31,1,PRIO FORTE S.A.,027740,DF Individual - Demonstração do Fluxo de Caixa (Método Direto),REAL,MIL,ÚLTIMO,2025-01-01,2025-03-31,6.01,Caixa Líquido Atividades Operacionais,192898000.0,S,ind
08.926.302/0001-05,2025-03-31,1,PRIO FORTE S.A.,027740,DF Consolidado - Demonstração do Fluxo de Caixa (Método Direto),REAL,MIL,ÚLTIMO,2025-01-01,2025-03-31,6.01,Caixa Líquido Atividades Operacionais,527312000.0,S,con
08.926.302/0001-05,2025-03-31,1,PRIO FORTE S.A.,027740,DF Individual - Demonstração do Fluxo de Caixa (Método Direto),REAL,MIL,ÚLTIMO,2025-01-01,2025-03-31,6.02,Caixa Líquido Atividades de Investimento,293765000.0,S,ind
08.926.302/0001-05,2025-03-31,1,PRIO FORTE S.A.,027740,DF Consolidado - Demonstração do Fluxo de Caixa (Método Direto),REAL,MIL,ÚLTIMO,2025-01-01,2025-03-31,6.02,Caixa Líquido Atividades de Investimento,-1400294000.0,S,con
08.926.302/0001-05,2025-03-31,1,PRIO FORTE S.A.,027740,DF Individual - Demonstração do Fluxo de Caixa (Método Direto),REAL,MIL,ÚLTIMO,2025-01-01,2025-03-31,6.02.02,Compra de ativo imobilizado,-147788000.0,N,ind
08.926.302/0001-05,2025-03-31,1,PRIO FORTE S.A.,027740,DF Consolidado - Demonstração do Fluxo de Caixa (Método Direto),REAL,MIL,ÚLTIMO,2025-01-01,2025-03-31,6.02.02,Compra de ativo imobilizado,-322710000.0,N,con
08.926.302/0001-05,2025-03-31,1,PRIO FORTE S.A.,027740,DF Individual - Demonstração do Fluxo de Caixa (Método Direto),REAL,MIL,ÚLTIMO,2025-01-01,2025-03-31,6.02.03,Compra de ativo intangível,0.0,N,ind
08.926.302/0001-05,2025-03-31,1,PRIO FORTE S.A.,027740,DF Consolidado - Demonstração do Fluxo de Caixa (Método Direto),REAL,MIL,ÚLTIMO,2025-01-01,2025-03-31,6.02.03,Compra de ativo intangível,0.0,N,con
08.926.302/0001-05,2025-03-31,1,PRIO FORTE S.A.,027740,DF Individual - Demonstração do Fluxo de Caixa (Método Direto),REAL,MIL,ÚLTIMO,2025-01-01,2025-03-31,6.03,Caixa Líquido Atividades de Financiamento,610717000.0,S,ind
08.926.302/0001-05,2025-03-31,1,PRIO FORTE S.A.,027740,DF Consolidado - Demonstração do Fluxo de Caixa (Método Direto),REAL,MIL,ÚLTIMO,2025-01-01,2025-03-31,6.03,Caixa Líquido Atividades de Financiamento,587779000.0,S,con
08.926.302/0001-05,2025-03-31,1,PRIO FORTE S.A.,027740,DF Consolidado - Demonstração do Fluxo de Caixa (Método Direto),REAL,MIL,ÚLTIMO,2025-01-01,2025-03-31,6.04,Variação Cambial s/ Caixa e Equivalentes,195517000.0,S,con
08.926.302/0001-05,2025-03-31,1,PRIO FORTE S.A.,027740,DF Individual - Demonstração do Fluxo de Caixa (Método Direto),REAL,MIL,ÚLTIMO,2025-01-01,2025-03-31,6.04,Variação Cambial s/ Caixa e Equivalentes,46065000.0,S,ind
08.926.302/0001-05,2025-03-31,1,PRIO FORTE S.A.,027740,DF Consolidado - Demonstração do Fluxo de Caixa (Método Direto),REAL,MIL,ÚLTIMO,2025-01-01,2025-03-31,6.05,Aumento (Redução) de Caixa e Equivalentes,-89686000.0,S,con
08.926.302/0001-05,2025-03-31,1,PRIO FORTE S.A.,027740,DF Individual - Demonstração do Fluxo de Caixa (Método Direto),REAL,MIL,ÚLTIMO,2025-01-01,2025-03-31,6.05,Aumento (Redução) de Caixa e Equivalentes,1143445000.0,S,ind
08.926.302/0001-05,2026-03-31,1,PRIO FORTE S.A.,027740,DF Consolidado - Demonstração do Fluxo de Caixa (Método Direto),REAL,MIL,ÚLTIMO,2026-01-01,2026-03-31,6.01,Caixa Líquido Atividades Operacionais,1613646000.0,S,con
08.926.302/0001-05,2026-03-31,1,PRIO FORTE S.A.,027740,DF Individual - Demonstração do Fluxo de Caixa (Método Direto),REAL,MIL,ÚLTIMO,2026-01-01,2026-03-31,6.01,Caixa Líquido Atividades Operacionais,1499967000.0,S,ind
08.926.302/0001-05,2026-03-31,1,PRIO FORTE S.A.,027740,DF Consolidado - Demonstração do Fluxo de Caixa (Método Direto),REAL,MIL,ÚLTIMO,2026-01-01,2026-03-31,6.02,Caixa Líquido Atividades de Investimento,-1610406000.0,S,con
08.926.302/0001-05,2026-03-31,1,PRIO FORTE S.A.,027740,DF Individual - Demonstração do Fluxo de Caixa (Método Direto),REAL,MIL,ÚLTIMO,2026-01-01,2026-03-31,6.02,Caixa Líquido Atividades de Investimento,-1562106000.0,S,ind
08.926.302/0001-05,2026-03-31,1,PRIO FORTE S.A.,027740,DF Consolidado - Demonstração do Fluxo de Caixa (Método Direto),REAL,MIL,ÚLTIMO,2026-01-01,2026-03-31,6.02.02,Compra de ativo imobilizado,-1610406000.0,N,con
08.926.302/0001-05,2026-03-31,1,PRIO FORTE S.A.,027740,DF Individual - Demonstração do Fluxo de Caixa (Método Direto),REAL,MIL,ÚLTIMO,2026-01-01,2026-03-31,6.02.02,Compra de ativo imobilizado,-1562106000.0,N,ind
08.926.302/0001-05,2026-03-31,1,PRIO FORTE S.A.,027740,DF Consolidado - Demonstração do Fluxo de Caixa (Método Direto),REAL,MIL,ÚLTIMO,2026-01-01,2026-03-31,6.02.03,Compra de ativo intangível,0.0,N,con
08.926.302/0001-05,2026-03-31,1,PRIO FORTE S.A.,027740,DF Individual - Demonstração do Fluxo de Caixa (Método Direto),REAL,MIL,ÚLTIMO,2026-01-01,2026-03-31,6.02.03,Compra de ativo intangível,0.0,N,ind
08.926.302/0001-05,2026-03-31,1,PRIO FORTE S.A.,027740,DF Consolidado - Demonstração do Fluxo de Caixa (Método Direto),REAL,MIL,ÚLTIMO,2026-01-01,2026-03-31,6.03,Caixa Líquido Atividades de Financiamento,-857493000.0,S,con
08.926.302/0001-05,2026-03-31,1,PRIO FORTE S.A.,027740,DF Individual - Demonstração do Fluxo de Caixa (Método Direto),REAL,MIL,ÚLTIMO,2026-01-01,2026-03-31,6.03,Caixa Líquido Atividades de Financiamento,-823247000.0,S,ind
08.926.302/0001-05,2026-03-31,1,PRIO FORTE S.A.,027740,DF Consolidado - Demonstração do Fluxo de Caixa (Método Direto),REAL,MIL,ÚLTIMO,2026-01-01,2026-03-31,6.04,Variação Cambial s/ Caixa e Equivalentes,-76428000.0,S,con
08.926.302/0001-05,2026-03-31,1,PRIO FORTE S.A.,027740,DF Individual - Demonstração do Fluxo de Caixa (Método Direto),REAL,MIL,ÚLTIMO,2026-01-01,2026-03-31,6.04,Variação Cambial s/ Caixa e Equivalentes,-60659000.0,S,ind
08.926.302/0001-05,2026-03-31,1,PRIO FORTE S.A.,027740,DF Consolidado - Demonstração do Fluxo de Caixa (Método Direto),REAL,MIL,ÚLTIMO,2026-01-01,2026-03-31,6.05,Aumento (Redução) de Caixa e Equivalentes,-930681000.0,S,con
08.926.302/0001-05,2026-03-31,1,PRIO FORTE S.A.,027740,DF Individual - Demonstração do Fluxo de Caixa (Método Direto),REAL,MIL,ÚLTIMO,2026-01-01,2026-03-31,6.05,Aumento (Redução) de Caixa e Equivalentes,-946045000.0,S,ind
09.478.309/0001-66,2025-03-31,1,BRASIL BIOFUELS S.A.,027375,DF Consolidado - Demonstração do Fluxo de Caixa (Método Direto),REAL,MIL,ÚLTIMO,2025-01-01,2025-03-31,6.01,Caixa Líquido Atividades Operacionais,60310000.0,S,con
09.478.309/0001-66,2025-03-31,1,BRASIL BIOFUELS S.A.,027375,DF Individual - Demonstração do Fluxo de Caixa (Método Direto),REAL,MIL,ÚLTIMO,2025-01-01,2025-03-31,6.01,Caixa Líquido Atividades Operacionais,18973000.0,S,ind
09.478.309/0001-66,2025-03-31,1,BRASIL BIOFUELS S.A.,027375,DF Consolidado - Demonstração do Fluxo de Caixa (Método Direto),REAL,MIL,ÚLTIMO,2025-01-01,2025-03-31,6.01.03,Depreciação e amortização,25493000.0,N,con
09.478.309/0001-66,2025-03-31,1,BRASIL BIOFUELS S.A.,027375,DF Individual - Demonstração do Fluxo de Caixa (Método Direto),REAL,MIL,ÚLTIMO,2025-01-01,2025-03-31,6.01.03,Depreciação e amortização,7044000.0,N,ind
09.478.309/0001-66,2025-03-31,1,BRASIL BIOFUELS S.A.,027375,DF Consolidado - Demonstração do Fluxo de Caixa (Método Direto),REAL,MIL,ÚLTIMO,2025-01-01,2025-03-31,6.01.04,Ativo biológico amortização/exaustão,25571000.0,N,con
09.478.309/0001-66,2025-03-31,1,BRASIL BIOFUELS S.A.,027375,DF Individual - Demonstração do Fluxo de Caixa (Método Direto),REAL,MIL,ÚLTIMO,2025-01-01,2025-03-31,6.01.04,Ativo biológico amortização/exaustão,2501000.0,N,ind
09.478.309/0001-66,2025-03-31,1,BRASIL BIOFUELS S.A.,027375,DF Consolidado - Demonstração do Fluxo de Caixa (Método Direto),REAL,MIL,ÚLTIMO,2025-01-01,2025-03-31,6.01.05,Valor residual baixa de imobilizado e planta portadora,23061000.0,N,con
09.478.309/0001-66,2025-03-31,1,BRASIL BIOFUELS S.A.,027375,DF Individual - Demonstração do Fluxo de Caixa (Método Direto),REAL,MIL,ÚLTIMO,2025-01-01,2025-03-31,6.01.05,Valor residual baixa de imobilizado e planta portadora,1791000.0,N,ind
09.478.309/0001-66,2025-03-31,1,BRASIL BIOFUELS S.A.,027375,DF Consolidado - Demonstração do Fluxo de Caixa (Método Direto),REAL,MIL,ÚLTIMO,2025-01-01,2025-03-31,6.02,Caixa Líquido Atividades de Investimento,-36972000.0,S,con
09.478.309/0001-66,2025-03-31,1,BRASIL BIOFUELS S.A.,027375,DF Individual - Demonstração do Fluxo de Caixa (Método Direto),REAL,MIL,ÚLTIMO,2025-01-01,2025-03-31,6.02,Caixa Líquido Atividades de Investimento,-10569000.0,S,ind
09.478.309/0001-66,2025-03-31,1,BRASIL BIOFUELS S.A.,027375,DF Consolidado - Demonstração do Fluxo de Caixa (Método Direto),REAL,MIL,ÚLTIMO,2025-01-01,2025-03-31,6.02.01,"Adições ao imobilizado, planta portadora, direito de uso e intangível",-10485000.0,N,con
09.478.309/0001-66,2025-03-31,1,BRASIL BIOFUELS S.A.,027375,DF Individual - Demonstração do Fluxo de Caixa (Método Direto),REAL,MIL,ÚLTIMO,2025-01-01,2025-03-31,6.02.01,"Adições ao imobilizado, planta portadora, direito de uso e intangível",-7108000.0,N,ind
09.478.309/0001-66,2025-03-31,1,BRASIL BIOFUELS S.A.,027375,DF Consolidado - Demonstração do Fluxo de Caixa (Método Direto),REAL,MIL,ÚLTIMO,2025-01-01,2025-03-31,6.03,Caixa Líquido Atividades de Financiamento,-27179000.0,S,con
09.478.309/0001-66,2025-03-31,1,BRASIL BIOFUELS S.A.,027375,DF Individual - Demonstração do Fluxo de Caixa (Método Direto),REAL,MIL,ÚLTIMO,2025-01-01,2025-03-31,6.03,Caixa Líquido Atividades de Financiamento,-8509000.0,S,ind
09.478.309/0001-66,2025-03-31,1,BRASIL BIOFUELS S.A.,027375,DF Consolidado - Demonstração do Fluxo de Caixa (Método Direto),REAL,MIL,ÚLTIMO,2025-01-01,2025-03-31,6.04,Variação Cambial s/ Caixa e Equivalentes,0.0,S,con
09.478.309/0001-66,2025-03-31,1,BRASIL BIOFUELS S.A.,027375,DF Individual - Demonstração do Fluxo de Caixa (Método Direto),REAL,MIL,ÚLTIMO,2025-01-01,2025-03-31,6.04,Variação Cambial s/ Caixa e Equivalentes,0.0,S,ind
09.478.309/0001-66,2025-03-31,1,BRASIL BIOFUELS S.A.,027375,DF Consolidado - Demonstração do Fluxo de Caixa (Método Direto),REAL,MIL,ÚLTIMO,2025-01-01,2025-03-31,6.05,Aumento (Redução) de Caixa e Equivalentes,-3841000.0,S,con
09.478.309/0001-66,2025-03-31,1,BRASIL BIOFUELS S.A.,027375,DF Individual - Demonstração do Fluxo de Caixa (Método Direto),REAL,MIL,ÚLTIMO,2025-01-01,2025-03-31,6.05,Aumento (Redução) de Caixa e Equivalentes,-105000.0,S,ind
16.838.421/0001-26,2025-03-31,1,XP INVESTIMENTOS S.A.,027111,DF Consolidado - Demonstração do Fluxo de Caixa (Método Direto),REAL,MIL,ÚLTIMO,2025-01-01,2025-03-31,6.01,Caixa Líquido Atividades Operacionais,293384000.0,S,con
16.838.421/0001-26,2025-03-31,1,XP INVESTIMENTOS S.A.,027111,DF Individual - Demonstração do Fluxo de Caixa (Método Direto),REAL,MIL,ÚLTIMO,2025-01-01,2025-03-31,6.01,Caixa Líquido Atividades Operacionais,396419000.0,S,ind
16.838.421/0001-26,2025-03-31,1,XP INVESTIMENTOS S.A.,027111,DF Consolidado - Demonstração do Fluxo de Caixa (Método Direto),REAL,MIL,ÚLTIMO,2025-01-01,2025-03-31,6.02,Caixa Líquido Atividades de Investimento,116243000.0,S,con
16.838.421/0001-26,2025-03-31,1,XP INVESTIMENTOS S.A.,027111,DF Individual - Demonstração do Fluxo de Caixa (Método Direto),REAL,MIL,ÚLTIMO,2025-01-01,2025-03-31,6.02,Caixa Líquido Atividades de Investimento,26755000.0,S,ind
16.838.421/0001-26,2025-03-31,1,XP INVESTIMENTOS S.A.,027111,DF Consolidado - Demonstração do Fluxo de Caixa (Método Direto),REAL,MIL,ÚLTIMO,2025-01-01,2025-03-31,6.02.01,Aquisições de imobilizado,-102000.0,N,con
16.838.421/0001-26,2025-03-31,1,XP INVESTIMENTOS S.A.,027111,DF Individual - Demonstração do Fluxo de Caixa (Método Direto),REAL,MIL,ÚLTIMO,2025-01-01,2025-03-31,6.02.01,Aquisições de imobilizado,0.0,N,ind
16.838.421/0001-26,2025-03-31,1,XP INVESTIMENTOS S.A.,027111,DF Consolidado - Demonstração do Fluxo de Caixa (Método Direto),REAL,MIL,ÚLTIMO,2025-01-01,2025-03-31,6.02.02,Aquisição de intangível,-13000.0,N,con
16.838.421/0001-26,2025-03-31,1,XP INVESTIMENTOS S.A.,027111,DF Individual - Demonstração do Fluxo de Caixa (Método Direto),REAL,MIL,ÚLTIMO,2025-01-01,2025-03-31,6.02.02,Aquisição de intangível,0.0,N,ind
16.838.421/0001-26,2025-03-31,1,XP INVESTIMENTOS S.A.,027111,DF Consolidado - Demonstração do Fluxo de Caixa (Método Direto),REAL,MIL,ÚLTIMO,2025-01-01,2025-03-31,6.02.07,Aquisição/venda de imobilizado,135748000.0,N,con
16.838.421/0001-26,2025-03-31,1,XP INVESTIMENTOS S.A.,027111,DF Consolidado - Demonstração do Fluxo de Caixa (Método Direto),REAL,MIL,ÚLTIMO,2025-01-01,2025-03-31,6.03,Caixa Líquido Atividades de Financiamento,-415259000.0,S,con
16.838.421/0001-26,2025-03-31,1,XP INVESTIMENTOS S.A.,027111,DF Individual - Demonstração do Fluxo de Caixa (Método Direto),REAL,MIL,ÚLTIMO,2025-01-01,2025-03-31,6.03,Caixa Líquido Atividades de Financiamento,-415079000.0,S,ind
16.838.421/0001-26,2025-03-31,1,XP INVESTIMENTOS S.A.,027111,DF Consolidado - Demonstração do Fluxo de Caixa (Método Direto),REAL,MIL,ÚLTIMO,2025-01-01,2025-03-31,6.04,Efeitos de Variação Cambial s/ Caixa e Equivalentes,1000.0,S,con
16.838.421/0001-26,2025-03-31,1,XP INVESTIMENTOS S.A.,027111,DF Individual - Demonstração do Fluxo de Caixa (Método Direto),REAL,MIL,ÚLTIMO,2025-01-01,2025-03-31,6.04,Efeitos de Variação Cambial s/ Caixa e Equivalentes,0.0,S,ind
16.838.421/0001-26,2025-03-31,1,XP INVESTIMENTOS S.A.,027111,DF Consolidado - Demonstração do Fluxo de Caixa (Método Direto),REAL,MIL,ÚLTIMO,2025-01-01,2025-03-31,6.05,Aumento (Redução) de Caixa e Equivalentes,-5631000.0,S,con
16.838.421/0001-26,2025-03-31,1,XP INVESTIMENTOS S.A.,027111,DF Individual - Demonstração do Fluxo de Caixa (Método Direto),REAL,MIL,ÚLTIMO,2025-01-01,2025-03-31,6.05,Aumento (Redução) de Caixa e Equivalentes,8095000.0,S,ind
27.902.165/0002-96,2025-03-31,1,HIGHLINE BRASIL II INFRAESTRUTURA DE TELECOMUNICAÇÕES S.A.,027880,DF Consolidado - Demonstração do Fluxo de Caixa (Método Direto),REAL,MIL,ÚLTIMO,2025-01-01,2025-03-31,6.01,Caixa Líquido Atividades Operacionais,72362000.0,S,con
27.902.165/0002-96,2025-03-31,1,HIGHLINE BRASIL II INFRAESTRUTURA DE TELECOMUNICAÇÕES S.A.,027880,DF Individual - Demonstração do Fluxo de Caixa (Método Direto),REAL,MIL,ÚLTIMO,2025-01-01,2025-03-31,6.01,Caixa Líquido Atividades Operacionais,71499000.0,S,ind
27.902.165/0002-96,2025-03-31,1,HIGHLINE BRASIL II INFRAESTRUTURA DE TELECOMUNICAÇÕES S.A.,027880,DF Consolidado - Demonstração do Fluxo de Caixa (Método Direto),REAL,MIL,ÚLTIMO,2025-01-01,2025-03-31,6.02,Caixa Líquido Atividades de Investimento,-36177000.0,S,con
27.902.165/0002-96,2025-03-31,1,HIGHLINE BRASIL II INFRAESTRUTURA DE TELECOMUNICAÇÕES S.A.,027880,DF Individual - Demonstração do Fluxo de Caixa (Método Direto),REAL,MIL,ÚLTIMO,2025-01-01,2025-03-31,6.02,Caixa Líquido Atividades de Investimento,-36225000.0,S,ind
27.902.165/0002-96,2025-03-31,1,HIGHLINE BRASIL II INFRAESTRUTURA DE TELECOMUNICAÇÕES S.A.,027880,DF Consolidado - Demonstração do Fluxo de Caixa (Método Direto),REAL,MIL,ÚLTIMO,2025-01-01,2025-03-31,6.03,Caixa Líquido Atividades de Financiamento,-13144000.0,S,con
27.902.165/0002-96,2025-03-31,1,HIGHLINE BRASIL II INFRAESTRUTURA DE TELECOMUNICAÇÕES S.A.,027880,DF Individual - Demonstração do Fluxo de Caixa (Método Direto),REAL,MIL,ÚLTIMO,2025-01-01,2025-03-31,6.03,Caixa Líquido Atividades de Financiamento,-15797000.0,S,ind
27.902.165/0002-96,2025-03-31,1,HIGHLINE BRASIL II INFRAESTRUTURA DE TELECOMUNICAÇÕES S.A.,027880,DF Consolidado - Demonstração do Fluxo de Caixa (Método Direto),REAL,MIL,ÚLTIMO,2025-01-01,2025-03-31,6.04,Variação Cambial s/ Caixa e Equivalentes,0.0,S,con
27.902.165/0002-96,2025-03-31,1,HIGHLINE BRASIL II INFRAESTRUTURA DE TELECOMUNICAÇÕES S.A.,027880,DF Individual - Demonstração do Fluxo de Caixa (Método Direto),REAL,MIL,ÚLTIMO,2025-01-01,2025-03-31,6.04,Variação Cambial s/ Caixa e Equivalentes,0.0,S,ind
27.902.165/0002-96,2025-03-31,1,HIGHLINE BRASIL II INFRAESTRUTURA DE TELECOMUNICAÇÕES S.A.,027880,DF Consolidado - Demonstração do Fluxo de Caixa (Método Direto),REAL,MIL,ÚLTIMO,2025-01-01,2025-03-31,6.05,Aumento (Redução) de Caixa e Equivalentes,23041000.0,S,con
27.902.165/0002-96,2025-03-31,1,HIGHLINE BRASIL II INFRAESTRUTURA DE TELECOMUNICAÇÕES S.A.,027880,DF Individual - Demonstração do Fluxo de Caixa (Método Direto),REAL,MIL,ÚLTIMO,2025-01-01,2025-03-31,6.05,Aumento (Redução) de Caixa e Equivalentes,19477000.0,S,ind
27.902.165/0002-96,2026-03-31,1,HIGHLINE BRASIL II INFRAESTRUTURA DE TELECOMUNICAÇÕES S.A.,027880,DF Consolidado - Demonstração do Fluxo de Caixa (Método Direto),REAL,MIL,ÚLTIMO,2026-01-01,2026-03-31,6.01,Caixa Líquido Atividades Operacionais,111423000.0,S,con
27.902.165/0002-96,2026-03-31,1,HIGHLINE BRASIL II INFRAESTRUTURA DE TELECOMUNICAÇÕES S.A.,027880,DF Individual - Demonstração do Fluxo de Caixa (Método Direto),REAL,MIL,ÚLTIMO,2026-01-01,2026-03-31,6.01,Caixa Líquido Atividades Operacionais,115161000.0,S,ind
27.902.165/0002-96,2026-03-31,1,HIGHLINE BRASIL II INFRAESTRUTURA DE TELECOMUNICAÇÕES S.A.,027880,DF Consolidado - Demonstração do Fluxo de Caixa (Método Direto),REAL,MIL,ÚLTIMO,2026-01-01,2026-03-31,6.02,Caixa Líquido Atividades de Investimento,-44660000.0,S,con
27.902.165/0002-96,2026-03-31,1,HIGHLINE BRASIL II INFRAESTRUTURA DE TELECOMUNICAÇÕES S.A.,027880,DF Individual - Demonstração do Fluxo de Caixa (Método Direto),REAL,MIL,ÚLTIMO,2026-01-01,2026-03-31,6.02,Caixa Líquido Atividades de Investimento,-44914000.0,S,ind
27.902.165/0002-96,2026-03-31,1,HIGHLINE BRASIL II INFRAESTRUTURA DE TELECOMUNICAÇÕES S.A.,027880,DF Consolidado - Demonstração do Fluxo de Caixa (Método Direto),REAL,MIL,ÚLTIMO,2026-01-01,2026-03-31,6.03,Caixa Líquido Atividades de Financiamento,-35637000.0,S,con
27.902.165/0002-96,2026-03-31,1,HIGHLINE BRASIL II INFRAESTRUTURA DE TELECOMUNICAÇÕES S.A.,027880,DF Individual - Demonstração do Fluxo de Caixa (Método Direto),REAL,MIL,ÚLTIMO,2026-01-01,2026-03-31,6.03,Caixa Líquido Atividades de Financiamento,-38952000.0,S,ind
27.902.165/0002-96,2026-03-31,1,HIGHLINE BRASIL II INFRAESTRUTURA DE TELECOMUNICAÇÕES S.A.,027880,DF Consolidado - Demonstração do Fluxo de Caixa (Método Direto),REAL,MIL,ÚLTIMO,2026-01-01,2026-03-31,6.04,Variação Cambial s/ Caixa e Equivalentes,0.0,S,con
27.902.165/0002-96,2026-03-31,1,HIGHLINE BRASIL II INFRAESTRUTURA DE TELECOMUNICAÇÕES S.A.,027880,DF Individual - Demonstração do Fluxo de Caixa (Método Direto),REAL,MIL,ÚLTIMO,2026-01-01,2026-03-31,6.04,Variação Cambial s/ Caixa e Equivalentes,0.0,S,ind
27.902.165/0002-96,2026-03-31,1,HIGHLINE BRASIL II INFRAESTRUTURA DE TELECOMUNICAÇÕES S.A.,027880,DF Consolidado - Demonstração do Fluxo de Caixa (Método Direto),REAL,MIL,ÚLTIMO,2026-01-01,2026-03-31,6.05,Aumento (Redução) de Caixa e Equivalentes,31126000.0,S,con
27.902.165/0002-96,2026-03-31,1,HIGHLINE BRASIL II INFRAESTRUTURA DE TELECOMUNICAÇÕES S.A.,027880,DF Individual - Demonstração do Fluxo de Caixa (Método Direto),REAL,MIL,ÚLTIMO,2026-01-01,2026-03-31,6.05,Aumento (Redução) de Caixa e Equivalentes,31295000.0,S,ind
30.540.991/0001-66,2025-03-31,1,HAGA S.A. INDUSTRIA E COMERCIO,013366,DF Consolidado - Demonstração do Fluxo de Caixa (Método Direto),REAL,UNIDADE,ÚLTIMO,2025-01-01,2025-03-31,6.01,Caixa Líquido Atividades Operacionais,2059539.0,S,con
30.540.991/0001-66,2025-03-31,1,HAGA S.A. INDUSTRIA E COMERCIO,013366,DF Individual - Demonstração do Fluxo de Caixa (Método Direto),REAL,UNIDADE,ÚLTIMO,2025-01-01,2025-03-31,6.01,Caixa Líquido Atividades Operacionais,2205686.0,S,ind
30.540.991/0001-66,2025-03-31,1,HAGA S.A. INDUSTRIA E COMERCIO,013366,DF Consolidado - Demonstração do Fluxo de Caixa (Método Direto),REAL,UNIDADE,ÚLTIMO,2025-01-01,2025-03-31,6.02,Caixa Líquido Atividades de Investimento,-251327.0,S,con
30.540.991/0001-66,2025-03-31,1,HAGA S.A. INDUSTRIA E COMERCIO,013366,DF Individual - Demonstração do Fluxo de Caixa (Método Direto),REAL,UNIDADE,ÚLTIMO,2025-01-01,2025-03-31,6.02,Caixa Líquido Atividades de Investimento,-251327.0,S,ind
30.540.991/0001-66,2025-03-31,1,HAGA S.A. INDUSTRIA E COMERCIO,013366,DF Consolidado - Demonstração do Fluxo de Caixa (Método Direto),REAL,UNIDADE,ÚLTIMO,2025-01-01,2025-03-31,6.03,Caixa Líquido Atividades de Financiamento,0.0,S,con
30.540.991/0001-66,2025-03-31,1,HAGA S.A. INDUSTRIA E COMERCIO,013366,DF Individual - Demonstração do Fluxo de Caixa (Método Direto),REAL,UNIDADE,ÚLTIMO,2025-01-01,2025-03-31,6.03,Caixa Líquido Atividades de Financiamento,0.0,S,ind
30.540.991/0001-66,2025-03-31,1,HAGA S.A. INDUSTRIA E COMERCIO,013366,DF Consolidado - Demonstração do Fluxo de Caixa (Método Direto),REAL,UNIDADE,ÚLTIMO,2025-01-01,2025-03-31,6.04,Variação Cambial s/ Caixa e Equivalentes,0.0,S,con
30.540.991/0001-66,2025-03-31,1,HAGA S.A. INDUSTRIA E COMERCIO,013366,DF Individual - Demonstração do Fluxo de Caixa (Método Direto),REAL,UNIDADE,ÚLTIMO,2025-01-01,2025-03-31,6.04,Variação Cambial s/ Caixa e Equivalentes,0.0,S,ind
30.540.991/0001-66,2025-03-31,1,HAGA S.A. INDUSTRIA E COMERCIO,013366,DF Consolidado - Demonstração do Fluxo de Caixa (Método Direto),REAL,UNIDADE,ÚLTIMO,2025-01-01,2025-03-31,6.05,Aumento (Redução) de Caixa e Equivalentes,1808212.0,S,con
30.540.991/0001-66,2025-03-31,1,HAGA S.A. INDUSTRIA E COMERCIO,013366,DF Individual - Demonstração do Fluxo de Caixa (Método Direto),REAL,UNIDADE,ÚLTIMO,2025-01-01,2025-03-31,6.05,Aumento (Redução) de Caixa e Equivalentes,1954359.0,S,ind
30.540.991/0001-66,2026-03-31,1,HAGA S.A. INDUSTRIA E COMERCIO,013366,DF Consolidado - Demonstração do Fluxo de Caixa (Método Direto),REAL,UNIDADE,ÚLTIMO,2026-01-01,2026-03-31,6.01,Caixa Líquido Atividades Operacionais,1232111.0,S,con
30.540.991/0001-66,2026-03-31,1,HAGA S.A. INDUSTRIA E COMERCIO,013366,DF Individual - Demonstração do Fluxo de Caixa (Método Direto),REAL,UNIDADE,ÚLTIMO,2026-01-01,2026-03-31,6.01,Caixa Líquido Atividades Operacionais,1194215.0,S,ind
30.540.991/0001-66,2026-03-31,1,HAGA S.A. INDUSTRIA E COMERCIO,013366,DF Consolidado - Demonstração do Fluxo de Caixa (Método Direto),REAL,UNIDADE,ÚLTIMO,2026-01-01,2026-03-31,6.02,Caixa Líquido Atividades de Investimento,-106980.0,S,con
30.540.991/0001-66,2026-03-31,1,HAGA S.A. INDUSTRIA E COMERCIO,013366,DF Individual - Demonstração do Fluxo de Caixa (Método Direto),REAL,UNIDADE,ÚLTIMO,2026-01-01,2026-03-31,6.02,Caixa Líquido Atividades de Investimento,-106980.0,S,ind
30.540.991/0001-66,2026-03-31,1,HAGA S.A. INDUSTRIA E COMERCIO,013366,DF Consolidado - Demonstração do Fluxo de Caixa (Método Direto),REAL,UNIDADE,ÚLTIMO,2026-01-01,2026-03-31,6.03,Caixa Líquido Atividades de Financiamento,0.0,S,con
30.540.991/0001-66,2026-03-31,1,HAGA S.A. INDUSTRIA E COMERCIO,013366,DF Individual - Demonstração do Fluxo de Caixa (Método Direto),REAL,UNIDADE,ÚLTIMO,2026-01-01,2026-03-31,6.03,Caixa Líquido Atividades de Financiamento,0.0,S,ind
30.540.991/0001-66,2026-03-31,1,HAGA S.A. INDUSTRIA E COMERCIO,013366,DF Consolidado - Demonstração do Fluxo de Caixa (Método Direto),REAL,UNIDADE,ÚLTIMO,2026-01-01,2026-03-31,6.04,Variação Cambial s/ Caixa e Equivalentes,0.0,S,con
30.540.991/0001-66,2026-03-31,1,HAGA S.A. INDUSTRIA E COMERCIO,013366,DF Individual - Demonstração do Fluxo de Caixa (Método Direto),REAL,UNIDADE,ÚLTIMO,2026-01-01,2026-03-31,6.04,Variação Cambial s/ Caixa e Equivalentes,0.0,S,ind
30.540.991/0001-66,2026-03-31,1,HAGA S.A. INDUSTRIA E COMERCIO,013366,DF Consolidado - Demonstração do Fluxo de Caixa (Método Direto),REAL,UNIDADE,ÚLTIMO,2026-01-01,2026-03-31,6.05,Aumento (Redução) de Caixa e Equivalentes,1125131.0,S,con
30.540.991/0001-66,2026-03-31,1,HAGA S.A. INDUSTRIA E COMERCIO,013366,DF Individual - Demonstração do Fluxo de Caixa (Método Direto),REAL,UNIDADE,ÚLTIMO,2026-01-01,2026-03-31,6.05,Aumento (Redução) de Caixa e Equivalentes,1087235.0,S,ind
33.541.368/0001-16,2025-03-31,1,AXIA ENERGIA NORDESTE S.A.,003328,DF Consolidado - Demonstração do Fluxo de Caixa (Método Direto),REAL,MIL,ÚLTIMO,2025-01-01,2025-03-31,6.01,Caixa Líquido Atividades Operacionais,941140000.0,S,con
33.541.368/0001-16,2025-03-31,1,AXIA ENERGIA NORDESTE S.A.,003328,DF Consolidado - Demonstração do Fluxo de Caixa (Método Direto),REAL,MIL,ÚLTIMO,2025-01-01,2025-03-31,6.02,Caixa Líquido Atividades de Investimento,-860121000.0,S,con
33.541.368/0001-16,2025-03-31,1,AXIA ENERGIA NORDESTE S.A.,003328,DF Consolidado - Demonstração do Fluxo de Caixa (Método Direto),REAL,MIL,ÚLTIMO,2025-01-01,2025-03-31,6.02.03,Aquisição de ativo imobilizado,-109096000.0,N,con
33.541.368/0001-16,2025-03-31,1,AXIA ENERGIA NORDESTE S.A.,003328,DF Consolidado - Demonstração do Fluxo de Caixa (Método Direto),REAL,MIL,ÚLTIMO,2025-01-01,2025-03-31,6.02.04,Aquisição de ativo intangível,-6397000.0,N,con
33.541.368/0001-16,2025-03-31,1,AXIA ENERGIA NORDESTE S.A.,003328,DF Consolidado - Demonstração do Fluxo de Caixa (Método Direto),REAL,MIL,ÚLTIMO,2025-01-01,2025-03-31,6.02.09,Aplicações Financeiras Líquidas - TVM,-501242000.0,N,con
33.541.368/0001-16,2025-03-31,1,AXIA ENERGIA NORDESTE S.A.,003328,DF Consolidado - Demonstração do Fluxo de Caixa (Método Direto),REAL,MIL,ÚLTIMO,2025-01-01,2025-03-31,6.03,Caixa Líquido Atividades de Financiamento,-386446000.0,S,con
33.541.368/0001-16,2025-03-31,1,AXIA ENERGIA NORDESTE S.A.,003328,DF Consolidado - Demonstração do Fluxo de Caixa (Método Direto),REAL,MIL,ÚLTIMO,2025-01-01,2025-03-31,6.04,Variação Cambial s/ Caixa e Equivalentes,0.0,S,con
33.541.368/0001-16,2025-03-31,1,AXIA ENERGIA NORDESTE S.A.,003328,DF Consolidado - Demonstração do Fluxo de Caixa (Método Direto),REAL,MIL,ÚLTIMO,2025-01-01,2025-03-31,6.05,Aumento (Redução) de Caixa e Equivalentes,-305427000.0,S,con
35.822.503/0001-27,2025-03-31,1,INSPIRALI EDUCAÇÃO S.A.,027251,DF Consolidado - Demonstração do Fluxo de Caixa (Método Direto),REAL,MIL,ÚLTIMO,2025-01-01,2025-03-31,6.01,Caixa Líquido Atividades Operacionais,317290000.0,S,con
35.822.503/0001-27,2025-03-31,1,INSPIRALI EDUCAÇÃO S.A.,027251,DF Individual - Demonstração do Fluxo de Caixa (Método Direto),REAL,MIL,ÚLTIMO,2025-01-01,2025-03-31,6.01,Caixa Líquido Atividades Operacionais,-2544000.0,S,ind
35.822.503/0001-27,2025-03-31,1,INSPIRALI EDUCAÇÃO S.A.,027251,DF Consolidado - Demonstração do Fluxo de Caixa (Método Direto),REAL,MIL,ÚLTIMO,2025-01-01,2025-03-31,6.01.04,Depreciação e amortização (exceto arrendamentos) e Amortização direito de uso de arrendamentos,77294000.0,N,con
35.822.503/0001-27,2025-03-31,1,INSPIRALI EDUCAÇÃO S.A.,027251,DF Individual - Demonstração do Fluxo de Caixa (Método Direto),REAL,MIL,ÚLTIMO,2025-01-01,2025-03-31,6.01.04,Depreciação e amortização (exceto arrendamentos) e Amortização direito de uso de arrendamentos,2439000.0,N,ind
35.822.503/0001-27,2025-03-31,1,INSPIRALI EDUCAÇÃO S.A.,027251,DF Consolidado - Demonstração do Fluxo de Caixa (Método Direto),REAL,MIL,ÚLTIMO,2025-01-01,2025-03-31,6.01.05,Baixa de valor residual de imobilizado e intangível e Baixa direito de uso de arrendamentos,-114000.0,N,con
35.822.503/0001-27,2025-03-31,1,INSPIRALI EDUCAÇÃO S.A.,027251,DF Individual - Demonstração do Fluxo de Caixa (Método Direto),REAL,MIL,ÚLTIMO,2025-01-01,2025-03-31,6.01.05,Baixa de valor residual de imobilizado e intangível e Baixa direito de uso de arrendamentos,0.0,N,ind
35.822.503/0001-27,2025-03-31,1,INSPIRALI EDUCAÇÃO S.A.,027251,DF Consolidado - Demonstração do Fluxo de Caixa (Método Direto),REAL,MIL,ÚLTIMO,2025-01-01,2025-03-31,6.02,Caixa Líquido Atividades de Investimento,-264052000.0,S,con
35.822.503/0001-27,2025-03-31,1,INSPIRALI EDUCAÇÃO S.A.,027251,DF Individual - Demonstração do Fluxo de Caixa (Método Direto),REAL,MIL,ÚLTIMO,2025-01-01,2025-03-31,6.02,Caixa Líquido Atividades de Investimento,16165000.0,S,ind
35.822.503/0001-27,2025-03-31,1,INSPIRALI EDUCAÇÃO S.A.,027251,DF Consolidado - Demonstração do Fluxo de Caixa (Método Direto),REAL,MIL,ÚLTIMO,2025-01-01,2025-03-31,6.02.04,Resgate de (investimento em) aplicações financeiras,-203437000.0,N,con
35.822.503/0001-27,2025-03-31,1,INSPIRALI EDUCAÇÃO S.A.,027251,DF Individual - Demonstração do Fluxo de Caixa (Método Direto),REAL,MIL,ÚLTIMO,2025-01-01,2025-03-31,6.02.04,Resgate de (investimento em) aplicações financeiras,-134349000.0,N,ind
35.822.503/0001-27,2025-03-31,1,INSPIRALI EDUCAÇÃO S.A.,027251,DF Consolidado - Demonstração do Fluxo de Caixa (Método Direto),REAL,MIL,ÚLTIMO,2025-01-01,2025-03-31,6.02.05,Rendimento de aplicações financeiras,-29044000.0,N,con
35.822.503/0001-27,2025-03-31,1,INSPIRALI EDUCAÇÃO S.A.,027251,DF Individual - Demonstração do Fluxo de Caixa (Método Direto),REAL,MIL,ÚLTIMO,2025-01-01,2025-03-31,6.02.05,Rendimento de aplicações financeiras,-17003000.0,N,ind
35.822.503/0001-27,2025-03-31,1,INSPIRALI EDUCAÇÃO S.A.,027251,DF Consolidado - Demonstração do Fluxo de Caixa (Método Direto),REAL,MIL,ÚLTIMO,2025-01-01,2025-03-31,6.02.06,Compra de ativo imobilizado,-25063000.0,N,con
35.822.503/0001-27,2025-03-31,1,INSPIRALI EDUCAÇÃO S.A.,027251,DF Individual - Demonstração do Fluxo de Caixa (Método Direto),REAL,MIL,ÚLTIMO,2025-01-01,2025-03-31,6.02.06,Compra de ativo imobilizado,0.0,N,ind
35.822.503/0001-27,2025-03-31,1,INSPIRALI EDUCAÇÃO S.A.,027251,DF Consolidado - Demonstração do Fluxo de Caixa (Método Direto),REAL,MIL,ÚLTIMO,2025-01-01,2025-03-31,6.02.07,Compra de ativo intangível,-6508000.0,N,con
35.822.503/0001-27,2025-03-31,1,INSPIRALI EDUCAÇÃO S.A.,027251,DF Individual - Demonstração do Fluxo de Caixa (Método Direto),REAL,MIL,ÚLTIMO,2025-01-01,2025-03-31,6.02.07,Compra de ativo intangível,-1793000.0,N,ind
35.822.503/0001-27,2025-03-31,1,INSPIRALI EDUCAÇÃO S.A.,027251,DF Consolidado - Demonstração do Fluxo de Caixa (Método Direto),REAL,MIL,ÚLTIMO,2025-01-01,2025-03-31,6.03,Caixa Líquido Atividades de Financiamento,-33349000.0,S,con
35.822.503/0001-27,2025-03-31,1,INSPIRALI EDUCAÇÃO S.A.,027251,DF Individual - Demonstração do Fluxo de Caixa (Método Direto),REAL,MIL,ÚLTIMO,2025-01-01,2025-03-31,6.03,Caixa Líquido Atividades de Financiamento,-10280000.0,S,ind
35.822.503/0001-27,2025-03-31,1,INSPIRALI EDUCAÇÃO S.A.,027251,DF Consolidado - Demonstração do Fluxo de Caixa (Método Direto),REAL,MIL,ÚLTIMO,2025-01-01,2025-03-31,6.03.05,Amortização de títulos a pagar na aquisição de controladas,-1517000.0,N,con
35.822.503/0001-27,2025-03-31,1,INSPIRALI EDUCAÇÃO S.A.,027251,DF Individual - Demonstração do Fluxo de Caixa (Método Direto),REAL,MIL,ÚLTIMO,2025-01-01,2025-03-31,6.03.05,Amortização de títulos a pagar na aquisição de controladas,-180000.0,N,ind
35.822.503/0001-27,2025-03-31,1,INSPIRALI EDUCAÇÃO S.A.,027251,DF Consolidado - Demonstração do Fluxo de Caixa (Método Direto),REAL,MIL,ÚLTIMO,2025-01-01,2025-03-31,6.04,Variação Cambial s/ Caixa e Equivalentes,0.0,S,con
35.822.503/0001-27,2025-03-31,1,INSPIRALI EDUCAÇÃO S.A.,027251,DF Individual - Demonstração do Fluxo de Caixa (Método Direto),REAL,MIL,ÚLTIMO,2025-01-01,2025-03-31,6.04,Variação Cambial s/ Caixa e Equivalentes,0.0,S,ind
35.822.503/0001-27,2025-03-31,1,INSPIRALI EDUCAÇÃO S.A.,027251,DF Consolidado - Demonstração do Fluxo de Caixa (Método Direto),REAL,MIL,ÚLTIMO,2025-01-01,2025-03-31,6.05,Aumento (Redução) de Caixa e Equivalentes,19889000.0,S,con
35.822.503/0001-27,2025-03-31,1,INSPIRALI EDUCAÇÃO S.A.,027251,DF Individual - Demonstração do Fluxo de Caixa (Método Direto),REAL,MIL,ÚLTIMO,2025-01-01,2025-03-31,6.05,Aumento (Redução) de Caixa e Equivalentes,3341000.0,S,ind
35.822.503/0001-27,2026-03-31,1,INSPIRALI EDUCAÇÃO S.A.,027251,DF Consolidado - Demonstração do Fluxo de Caixa (Método Direto),REAL,MIL,ÚLTIMO,2026-01-01,2026-03-31,6.01,Caixa Líquido Atividades Operacionais,353746000.0,S,con
35.822.503/0001-27,2026-03-31,1,INSPIRALI EDUCAÇÃO S.A.,027251,DF Individual - Demonstração do Fluxo de Caixa (Método Direto),REAL,MIL,ÚLTIMO,2026-01-01,2026-03-31,6.01,Caixa Líquido Atividades Operacionais,9781000.0,S,ind
35.822.503/0001-27,2026-03-31,1,INSPIRALI EDUCAÇÃO S.A.,027251,DF Consolidado - Demonstração do Fluxo de Caixa (Método Direto),REAL,MIL,ÚLTIMO,2026-01-01,2026-03-31,6.01.04,Depreciação e amortização (exceto arrendamentos) e Amortização direito de uso de arrendamentos,68103000.0,N,con
35.822.503/0001-27,2026-03-31,1,INSPIRALI EDUCAÇÃO S.A.,027251,DF Individual - Demonstração do Fluxo de Caixa (Método Direto),REAL,MIL,ÚLTIMO,2026-01-01,2026-03-31,6.01.04,Depreciação e amortização (exceto arrendamentos) e Amortização direito de uso de arrendamentos,3236000.0,N,ind
35.822.503/0001-27,2026-03-31,1,INSPIRALI EDUCAÇÃO S.A.,027251,DF Consolidado - Demonstração do Fluxo de Caixa (Método Direto),REAL,MIL,ÚLTIMO,2026-01-01,2026-03-31,6.01.05,Baixa de valor residual de imobilizado e intangível e Baixa direito de uso de arrendamentos,370000.0,N,con
35.822.503/0001-27,2026-03-31,1,INSPIRALI EDUCAÇÃO S.A.,027251,DF Individual - Demonstração do Fluxo de Caixa (Método Direto),REAL,MIL,ÚLTIMO,2026-01-01,2026-03-31,6.01.05,Baixa de valor residual de imobilizado e intangível e Baixa direito de uso de arrendamentos,0.0,N,ind
35.822.503/0001-27,2026-03-31,1,INSPIRALI EDUCAÇÃO S.A.,027251,DF Consolidado - Demonstração do Fluxo de Caixa (Método Direto),REAL,MIL,ÚLTIMO,2026-01-01,2026-03-31,6.02,Caixa Líquido Atividades de Investimento,-264427000.0,S,con
35.822.503/0001-27,2026-03-31,1,INSPIRALI EDUCAÇÃO S.A.,027251,DF Individual - Demonstração do Fluxo de Caixa (Método Direto),REAL,MIL,ÚLTIMO,2026-01-01,2026-03-31,6.02,Caixa Líquido Atividades de Investimento,-7144000.0,S,ind
35.822.503/0001-27,2026-03-31,1,INSPIRALI EDUCAÇÃO S.A.,027251,DF Consolidado - Demonstração do Fluxo de Caixa (Método Direto),REAL,MIL,ÚLTIMO,2026-01-01,2026-03-31,6.02.04,Resgate de (investimento em) aplicações financeiras,-190649000.0,N,con
35.822.503/0001-27,2026-03-31,1,INSPIRALI EDUCAÇÃO S.A.,027251,DF Individual - Demonstração do Fluxo de Caixa (Método Direto),REAL,MIL,ÚLTIMO,2026-01-01,2026-03-31,6.02.04,Resgate de (investimento em) aplicações financeiras,-153567000.0,N,ind
35.822.503/0001-27,2026-03-31,1,INSPIRALI EDUCAÇÃO S.A.,027251,DF Consolidado - Demonstração do Fluxo de Caixa (Método Direto),REAL,MIL,ÚLTIMO,2026-01-01,2026-03-31,6.02.05,Rendimento de aplicações financeiras,-42732000.0,N,con
35.822.503/0001-27,2026-03-31,1,INSPIRALI EDUCAÇÃO S.A.,027251,DF Individual - Demonstração do Fluxo de Caixa (Método Direto),REAL,MIL,ÚLTIMO,2026-01-01,2026-03-31,6.02.05,Rendimento de aplicações financeiras,-24574000.0,N,ind
35.822.503/0001-27,2026-03-31,1,INSPIRALI EDUCAÇÃO S.A.,027251,DF Consolidado - Demonstração do Fluxo de Caixa (Método Direto),REAL,MIL,ÚLTIMO,2026-01-01,2026-03-31,6.02.06,Compra de ativo imobilizado,-19718000.0,N,con
35.822.503/0001-27,2026-03-31,1,INSPIRALI EDUCAÇÃO S.A.,027251,DF Individual - Demonstração do Fluxo de Caixa (Método Direto),REAL,MIL,ÚLTIMO,2026-01-01,2026-03-31,6.02.06,Compra de ativo imobilizado,-682000.0,N,ind
35.822.503/0001-27,2026-03-31,1,INSPIRALI EDUCAÇÃO S.A.,027251,DF Consolidado - Demonstração do Fluxo de Caixa (Método Direto),REAL,MIL,ÚLTIMO,2026-01-01,2026-03-31,6.02.07,Compra de ativo intangível,-11328000.0,N,con
35.822.503/0001-27,2026-03-31,1,INSPIRALI EDUCAÇÃO S.A.,027251,DF Individual - Demonstração do Fluxo de Caixa (Método Direto),REAL,MIL,ÚLTIMO,2026-01-01,2026-03-31,6.02.07,Compra de ativo intangível,-4771000.0,N,ind
35.822.503/0001-27,2026-03-31,1,INSPIRALI EDUCAÇÃO S.A.,027251,DF Consolidado - Demonstração do Fluxo de Caixa (Método Direto),REAL,MIL,ÚLTIMO,2026-01-01,2026-03-31,6.03,Caixa Líquido Atividades de Financiamento,-101681000.0,S,con
35.822.503/0001-27,2026-03-31,1,INSPIRALI EDUCAÇÃO S.A.,027251,DF Individual - Demonstração do Fluxo de Caixa (Método Direto),REAL,MIL,ÚLTIMO,2026-01-01,2026-03-31,6.03,Caixa Líquido Atividades de Financiamento,-433000.0,S,ind
35.822.503/0001-27,2026-03-31,1,INSPIRALI EDUCAÇÃO S.A.,027251,DF Consolidado - Demonstração do Fluxo de Caixa (Método Direto),REAL,MIL,ÚLTIMO,2026-01-01,2026-03-31,6.03.05,Amortização de títulos a pagar na aquisição de controladas,-47963000.0,N,con
35.822.503/0001-27,2026-03-31,1,INSPIRALI EDUCAÇÃO S.A.,027251,DF Individual - Demonstração do Fluxo de Caixa (Método Direto),REAL,MIL,ÚLTIMO,2026-01-01,2026-03-31,6.03.05,Amortização de títulos a pagar na aquisição de controladas,0.0,N,ind
35.822.503/0001-27,2026-03-31,1,INSPIRALI EDUCAÇÃO S.A.,027251,DF Consolidado - Demonstração do Fluxo de Caixa (Método Direto),REAL,MIL,ÚLTIMO,2026-01-01,2026-03-31,6.04,Variação Cambial s/ Caixa e Equivalentes,0.0,S,con
35.822.503/0001-27,2026-03-31,1,INSPIRALI EDUCAÇÃO S.A.,027251,DF Individual - Demonstração do Fluxo de Caixa (Método Direto),REAL,MIL,ÚLTIMO,2026-01-01,2026-03-31,6.04,Variação Cambial s/ Caixa e Equivalentes,0.0,S,ind
35.822.503/0001-27,2026-03-31,1,INSPIRALI EDUCAÇÃO S.A.,027251,DF Consolidado - Demonstração do Fluxo de Caixa (Método Direto),REAL,MIL,ÚLTIMO,2026-01-01,2026-03-31,6.05,Aumento (Redução) de Caixa e Equivalentes,-12362000.0,S,con
35.822.503/0001-27,2026-03-31,1,INSPIRALI EDUCAÇÃO S.A.,027251,DF Individual - Demonstração do Fluxo de Caixa (Método Direto),REAL,MIL,ÚLTIMO,2026-01-01,2026-03-31,6.05,Aumento (Redução) de Caixa e Equivalentes,2204000.0,S,ind
38.286.323/0001-66,2025-03-31,1,ASSURUÁ 4 E 5 HOLDING ENERGIA S.A.,027545,DF Consolidado - Demonstração do Fluxo de Caixa (Método Direto),REAL,MIL,ÚLTIMO,2025-01-01,2025-03-31,6.01,Caixa Líquido Atividades Operacionais,39449000.0,S,con
38.286.323/0001-66,2025-03-31,1,ASSURUÁ 4 E 5 HOLDING ENERGIA S.A.,027545,DF Individual - Demonstração do Fluxo de Caixa (Método Direto),REAL,MIL,ÚLTIMO,2025-01-01,2025-03-31,6.01,Caixa Líquido Atividades Operacionais,22340000.0,S,ind
38.286.323/0001-66,2025-03-31,1,ASSURUÁ 4 E 5 HOLDING ENERGIA S.A.,027545,DF Consolidado - Demonstração do Fluxo de Caixa (Método Direto),REAL,MIL,ÚLTIMO,2025-01-01,2025-03-31,6.01.02,Depreciação e amortização,31493000.0,N,con
38.286.323/0001-66,2025-03-31,1,ASSURUÁ 4 E 5 HOLDING ENERGIA S.A.,027545,DF Individual - Demonstração do Fluxo de Caixa (Método Direto),REAL,MIL,ÚLTIMO,2025-01-01,2025-03-31,6.01.03,Depreciação e amortização,0.0,N,ind
38.286.323/0001-66,2025-03-31,1,ASSURUÁ 4 E 5 HOLDING ENERGIA S.A.,027545,DF Consolidado - Demonstração do Fluxo de Caixa (Método Direto),REAL,MIL,ÚLTIMO,2025-01-01,2025-03-31,6.01.15,Juros pagos sobre empréstimos e financiamentos,-16652000.0,N,con
38.286.323/0001-66,2025-03-31,1,ASSURUÁ 4 E 5 HOLDING ENERGIA S.A.,027545,DF Consolidado - Demonstração do Fluxo de Caixa (Método Direto),REAL,MIL,ÚLTIMO,2025-01-01,2025-03-31,6.02,Caixa Líquido Atividades de Investimento,2507000.0,S,con
38.286.323/0001-66,2025-03-31,1,ASSURUÁ 4 E 5 HOLDING ENERGIA S.A.,027545,DF Individual - Demonstração do Fluxo de Caixa (Método Direto),REAL,MIL,ÚLTIMO,2025-01-01,2025-03-31,6.02,Caixa Líquido Atividades de Investimento,1054000.0,S,ind
38.286.323/0001-66,2025-03-31,1,ASSURUÁ 4 E 5 HOLDING ENERGIA S.A.,027545,DF Consolidado - Demonstração do Fluxo de Caixa (Método Direto),REAL,MIL,ÚLTIMO,2025-01-01,2025-03-31,6.02.01,Aquisição de ativo imobilizado,-1489000.0,N,con
38.286.323/0001-66,2025-03-31,1,ASSURUÁ 4 E 5 HOLDING ENERGIA S.A.,027545,DF Individual - Demonstração do Fluxo de Caixa (Método Direto),REAL,MIL,ÚLTIMO,2025-01-01,2025-03-31,6.02.03,Aplicações financeiras,1054000.0,N,ind
38.286.323/0001-66,2025-03-31,1,ASSURUÁ 4 E 5 HOLDING ENERGIA S.A.,027545,DF Consolidado - Demonstração do Fluxo de Caixa (Método Direto),REAL,MIL,ÚLTIMO,2025-01-01,2025-03-31,6.02.04,Aplicações financeiras,3996000.0,N,con
38.286.323/0001-66,2025-03-31,1,ASSURUÁ 4 E 5 HOLDING ENERGIA S.A.,027545,DF Consolidado - Demonstração do Fluxo de Caixa (Método Direto),REAL,MIL,ÚLTIMO,2025-01-01,2025-03-31,6.03,Caixa Líquido Atividades de Financiamento,-6467000.0,S,con
38.286.323/0001-66,2025-03-31,1,ASSURUÁ 4 E 5 HOLDING ENERGIA S.A.,027545,DF Individual - Demonstração do Fluxo de Caixa (Método Direto),REAL,MIL,ÚLTIMO,2025-01-01,2025-03-31,6.03,Caixa Líquido Atividades de Financiamento,0.0,S,ind
38.286.323/0001-66,2025-03-31,1,ASSURUÁ 4 E 5 HOLDING ENERGIA S.A.,027545,DF Consolidado - Demonstração do Fluxo de Caixa (Método Direto),REAL,MIL,ÚLTIMO,2025-01-01,2025-03-31,6.03.02,Custo de captação de empréstimos e financiamentos,0.0,N,con
38.286.323/0001-66,2025-03-31,1,ASSURUÁ 4 E 5 HOLDING ENERGIA S.A.,027545,DF Individual - Demonstração do Fluxo de Caixa (Método Direto),REAL,MIL,ÚLTIMO,2025-01-01,2025-03-31,6.03.02,Custo de captação de empréstimos e financiamentos,0.0,N,ind
38.286.323/0001-66,2025-03-31,1,ASSURUÁ 4 E 5 HOLDING ENERGIA S.A.,027545,DF Consolidado - Demonstração do Fluxo de Caixa (Método Direto),REAL,MIL,ÚLTIMO,2025-01-01,2025-03-31,6.03.03,Pagamento de principal - empréstimos e financiamentos,-14829000.0,N,con
38.286.323/0001-66,2025-03-31,1,ASSURUÁ 4 E 5 HOLDING ENERGIA S.A.,027545,DF Individual - Demonstração do Fluxo de Caixa (Método Direto),REAL,MIL,ÚLTIMO,2025-01-01,2025-03-31,6.03.03,Pagamento de principal - empréstimos e financiamentos,0.0,N,ind
38.286.323/0001-66,2025-03-31,1,ASSURUÁ 4 E 5 HOLDING ENERGIA S.A.,027545,DF Consolidado - Demonstração do Fluxo de Caixa (Método Direto),REAL,MIL,ÚLTIMO,2025-01-01,2025-03-31,6.04,Variação Cambial s/ Caixa e Equivalentes,0.0,S,con
38.286.323/0001-66,2025-03-31,1,ASSURUÁ 4 E 5 HOLDING ENERGIA S.A.,027545,DF Individual - Demonstração do Fluxo de Caixa (Método Direto),REAL,MIL,ÚLTIMO,2025-01-01,2025-03-31,6.04,Variação Cambial s/ Caixa e Equivalentes,0.0,S,ind
38.286.323/0001-66,2025-03-31,1,ASSURUÁ 4 E 5 HOLDING ENERGIA S.A.,027545,DF Consolidado - Demonstração do Fluxo de Caixa (Método Direto),REAL,MIL,ÚLTIMO,2025-01-01,2025-03-31,6.05,Aumento (Redução) de Caixa e Equivalentes,35489000.0,S,con
38.286.323/0001-66,2025-03-31,1,ASSURUÁ 4 E 5 HOLDING ENERGIA S.A.,027545,DF Individual - Demonstração do Fluxo de Caixa (Método Direto),REAL,MIL,ÚLTIMO,2025-01-01,2025-03-31,6.05,Aumento (Redução) de Caixa e Equivalentes,23394000.0,S,ind
38.286.323/0001-66,2026-03-31,1,ASSURUÁ 4 E 5 HOLDING ENERGIA S.A.,027545,DF Consolidado - Demonstração do Fluxo de Caixa (Método Direto),REAL,MIL,ÚLTIMO,2026-01-01,2026-03-31,6.01,Caixa Líquido Atividades Operacionais,79655000.0,S,con
38.286.323/0001-66,2026-03-31,1,ASSURUÁ 4 E 5 HOLDING ENERGIA S.A.,027545,DF Individual - Demonstração do Fluxo de Caixa (Método Direto),REAL,MIL,ÚLTIMO,2026-01-01,2026-03-31,6.01,Caixa Líquido Atividades Operacionais,33117000.0,S,ind
38.286.323/0001-66,2026-03-31,1,ASSURUÁ 4 E 5 HOLDING ENERGIA S.A.,027545,DF Consolidado - Demonstração do Fluxo de Caixa (Método Direto),REAL,MIL,ÚLTIMO,2026-01-01,2026-03-31,6.01.02,Depreciação e amortização,31506000.0,N,con
38.286.323/0001-66,2026-03-31,1,ASSURUÁ 4 E 5 HOLDING ENERGIA S.A.,027545,DF Individual - Demonstração do Fluxo de Caixa (Método Direto),REAL,MIL,ÚLTIMO,2026-01-01,2026-03-31,6.01.03,Depreciação e amortização,0.0,N,ind
38.286.323/0001-66,2026-03-31,1,ASSURUÁ 4 E 5 HOLDING ENERGIA S.A.,027545,DF Consolidado - Demonstração do Fluxo de Caixa (Método Direto),REAL,MIL,ÚLTIMO,2026-01-01,2026-03-31,6.01.15,Juros pagos sobre empréstimos e financiamentos,-12799000.0,N,con
38.286.323/0001-66,2026-03-31,1,ASSURUÁ 4 E 5 HOLDING ENERGIA S.A.,027545,DF Consolidado - Demonstração do Fluxo de Caixa (Método Direto),REAL,MIL,ÚLTIMO,2026-01-01,2026-03-31,6.02,Caixa Líquido Atividades de Investimento,3848000.0,S,con
38.286.323/0001-66,2026-03-31,1,ASSURUÁ 4 E 5 HOLDING ENERGIA S.A.,027545,DF Individual - Demonstração do Fluxo de Caixa (Método Direto),REAL,MIL,ÚLTIMO,2026-01-01,2026-03-31,6.02,Caixa Líquido Atividades de Investimento,1091000.0,S,ind
38.286.323/0001-66,2026-03-31,1,ASSURUÁ 4 E 5 HOLDING ENERGIA S.A.,027545,DF Consolidado - Demonstração do Fluxo de Caixa (Método Direto),REAL,MIL,ÚLTIMO,2026-01-01,2026-03-31,6.02.01,Aquisição de ativo imobilizado,-305000.0,N,con
38.286.323/0001-66,2026-03-31,1,ASSURUÁ 4 E 5 HOLDING ENERGIA S.A.,027545,DF Individual - Demonstração do Fluxo de Caixa (Método Direto),REAL,MIL,ÚLTIMO,2026-01-01,2026-03-31,6.02.03,Aplicações financeiras - caixa restrito,1091000.0,N,ind
38.286.323/0001-66,2026-03-31,1,ASSURUÁ 4 E 5 HOLDING ENERGIA S.A.,027545,DF Consolidado - Demonstração do Fluxo de Caixa (Método Direto),REAL,MIL,ÚLTIMO,2026-01-01,2026-03-31,6.02.04,Aplicações financeiras,4153000.0,N,con
38.286.323/0001-66,2026-03-31,1,ASSURUÁ 4 E 5 HOLDING ENERGIA S.A.,027545,DF Consolidado - Demonstração do Fluxo de Caixa (Método Direto),REAL,MIL,ÚLTIMO,2026-01-01,2026-03-31,6.03,Caixa Líquido Atividades de Financiamento,-15305000.0,S,con
38.286.323/0001-66,2026-03-31,1,ASSURUÁ 4 E 5 HOLDING ENERGIA S.A.,027545,DF Individual - Demonstração do Fluxo de Caixa (Método Direto),REAL,MIL,ÚLTIMO,2026-01-01,2026-03-31,6.03,Caixa Líquido Atividades de Financiamento,0.0,S,ind
38.286.323/0001-66,2026-03-31,1,ASSURUÁ 4 E 5 HOLDING ENERGIA S.A.,027545,DF Consolidado - Demonstração do Fluxo de Caixa (Método Direto),REAL,MIL,ÚLTIMO,2026-01-01,2026-03-31,6.03.02,Custo de captação de empréstimos e financiamentos,0.0,N,con
38.286.323/0001-66,2026-03-31,1,ASSURUÁ 4 E 5 HOLDING ENERGIA S.A.,027545,DF Individual - Demonstração do Fluxo de Caixa (Método Direto),REAL,MIL,ÚLTIMO,2026-01-01,2026-03-31,6.03.02,Custo de captação de empréstimos e financiamentos,0.0,N,ind
38.286.323/0001-66,2026-03-31,1,ASSURUÁ 4 E 5 HOLDING ENERGIA S.A.,027545,DF Individual - Demonstração do Fluxo de Caixa (Método Direto),REAL,MIL,ÚLTIMO,2026-01-01,2026-03-31,6.03.03,Pagamento de principal - empréstimos e financiamentos,0.0,N,ind
38.286.323/0001-66,2026-03-31,1,ASSURUÁ 4 E 5 HOLDING ENERGIA S.A.,027545,DF Consolidado - Demonstração do Fluxo de Caixa (Método Direto),REAL,MIL,ÚLTIMO,2026-01-01,2026-03-31,6.04,Variação Cambial s/ Caixa e Equivalentes,0.0,S,con
38.286.323/0001-66,2026-03-31,1,ASSURUÁ 4 E 5 HOLDING ENERGIA S.A.,027545,DF Individual - Demonstração do Fluxo de Caixa (Método Direto),REAL,MIL,ÚLTIMO,2026-01-01,2026-03-31,6.04,Variação Cambial s/ Caixa e Equivalentes,0.0,S,ind
38.286.323/0001-66,2026-03-31,1,ASSURUÁ 4 E 5 HOLDING ENERGIA S.A.,027545,DF Consolidado - Demonstração do Fluxo de Caixa (Método Direto),REAL,MIL,ÚLTIMO,2026-01-01,2026-03-31,6.05,Aumento (Redução) de Caixa e Equivalentes,68198000.0,S,con
38.286.323/0001-66,2026-03-31,1,ASSURUÁ 4 E 5 HOLDING ENERGIA S.A.,027545,DF Individual - Demonstração do Fluxo de Caixa (Método Direto),REAL,MIL,ÚLTIMO,2026-01-01,2026-03-31,6.05,Aumento (Redução) de Caixa e Equivalentes,34208000.0,S,ind
38.482.780/0001-26,2025-03-31,1,ANEMUS WIND HOLDING S.A.,026832,DF Consolidado - Demonstração do Fluxo de Caixa (Método Direto),REAL,MIL,ÚLTIMO,2025-01-01,2025-03-31,6.01,Caixa Líquido Atividades Operacionais,-47000.0,S,con
38.482.780/0001-26,2025-03-31,1,ANEMUS WIND HOLDING S.A.,026832,DF Consolidado - Demonstração do Fluxo de Caixa (Método Direto),REAL,MIL,ÚLTIMO,2025-01-01,2025-03-31,6.01.03,Depreciação e amortização,11226000.0,N,con
38.482.780/0001-26,2025-03-31,1,ANEMUS WIND HOLDING S.A.,026832,DF Consolidado - Demonstração do Fluxo de Caixa (Método Direto),REAL,MIL,ÚLTIMO,2025-01-01,2025-03-31,6.02,Caixa Líquido Atividades de Investimento,1146000.0,S,con
38.482.780/0001-26,2025-03-31,1,ANEMUS WIND HOLDING S.A.,026832,DF Consolidado - Demonstração do Fluxo de Caixa (Método Direto),REAL,MIL,ÚLTIMO,2025-01-01,2025-03-31,6.02.01,Aquisição de imobilizado/intangível,-10000.0,N,con
38.482.780/0001-26,2025-03-31,1,ANEMUS WIND HOLDING S.A.,026832,DF Consolidado - Demonstração do Fluxo de Caixa (Método Direto),REAL,MIL,ÚLTIMO,2025-01-01,2025-03-31,6.02.02,Baixa de imobilizado,1201000.0,N,con
38.482.780/0001-26,2025-03-31,1,ANEMUS WIND HOLDING S.A.,026832,DF Consolidado - Demonstração do Fluxo de Caixa (Método Direto),REAL,MIL,ÚLTIMO,2025-01-01,2025-03-31,6.02.04,Aplicações financeiras,-45000.0,N,con
38.482.780/0001-26,2025-03-31,1,ANEMUS WIND HOLDING S.A.,026832,DF Consolidado - Demonstração do Fluxo de Caixa (Método Direto),REAL,MIL,ÚLTIMO,2025-01-01,2025-03-31,6.03,Caixa Líquido Atividades de Financiamento,774000.0,S,con
38.482.780/0001-26,2025-03-31,1,ANEMUS WIND HOLDING S.A.,026832,DF Consolidado - Demonstração do Fluxo de Caixa (Método Direto),REAL,MIL,ÚLTIMO,2025-01-01,2025-03-31,6.04,Variação Cambial s/ Caixa e Equivalentes,0.0,S,con
38.482.780/0001-26,2025-03-31,1,ANEMUS WIND HOLDING S.A.,026832,DF Consolidado - Demonstração do Fluxo de Caixa (Método Direto),REAL,MIL,ÚLTIMO,2025-01-01,2025-03-31,6.05,Aumento (Redução) de Caixa e Equivalentes,1873000.0,S,con
42.276.907/0001-28,2026-03-31,1,VLI MULTIMODAL S.A,028045,DF Consolidado - Demonstração do Fluxo de Caixa (Método Direto),REAL,MIL,ÚLTIMO,2026-01-01,2026-03-31,6.01,Caixa Líquido Atividades Operacionais,342059000.0,S,con
42.276.907/0001-28,2026-03-31,1,VLI MULTIMODAL S.A,028045,DF Individual - Demonstração do Fluxo de Caixa (Método Direto),REAL,MIL,ÚLTIMO,2026-01-01,2026-03-31,6.01,Caixa Líquido Atividades Operacionais,328097000.0,S,ind
42.276.907/0001-28,2026-03-31,1,VLI MULTIMODAL S.A,028045,DF Consolidado - Demonstração do Fluxo de Caixa (Método Direto),REAL,MIL,ÚLTIMO,2026-01-01,2026-03-31,6.02,Caixa Líquido Atividades de Investimento,-841176000.0,S,con
42.276.907/0001-28,2026-03-31,1,VLI MULTIMODAL S.A,028045,DF Individual - Demonstração do Fluxo de Caixa (Método Direto),REAL,MIL,ÚLTIMO,2026-01-01,2026-03-31,6.02,Caixa Líquido Atividades de Investimento,-583032000.0,S,ind
42.276.907/0001-28,2026-03-31,1,VLI MULTIMODAL S.A,028045,DF Consolidado - Demonstração do Fluxo de Caixa (Método Direto),REAL,MIL,ÚLTIMO,2026-01-01,2026-03-31,6.02.01,"Recebimento pela alienação de imobilizado, intangível e ativos não circulantes mantidos para venda",2992000.0,N,con
42.276.907/0001-28,2026-03-31,1,VLI MULTIMODAL S.A,028045,DF Individual - Demonstração do Fluxo de Caixa (Método Direto),REAL,MIL,ÚLTIMO,2026-01-01,2026-03-31,6.02.01,"Recebimento pela alienação de imobilizado, intangível e ativos não circulantes mantidos para venda",0.0,N,ind
42.276.907/0001-28,2026-03-31,1,VLI MULTIMODAL S.A,028045,DF Consolidado - Demonstração do Fluxo de Caixa (Método Direto),REAL,MIL,ÚLTIMO,2026-01-01,2026-03-31,6.02.04,Aquisição de imobilizado e intangível,-837702000.0,N,con
42.276.907/0001-28,2026-03-31,1,VLI MULTIMODAL S.A,028045,DF Individual - Demonstração do Fluxo de Caixa (Método Direto),REAL,MIL,ÚLTIMO,2026-01-01,2026-03-31,6.02.07,Aquisição de imobilizado e intangível,-379032000.0,N,ind
42.276.907/0001-28,2026-03-31,1,VLI MULTIMODAL S.A,028045,DF Consolidado - Demonstração do Fluxo de Caixa (Método Direto),REAL,MIL,ÚLTIMO,2026-01-01,2026-03-31,6.03,Caixa Líquido Atividades de Financiamento,621082000.0,S,con
42.276.907/0001-28,2026-03-31,1,VLI MULTIMODAL S.A,028045,DF Individual - Demonstração do Fluxo de Caixa (Método Direto),REAL,MIL,ÚLTIMO,2026-01-01,2026-03-31,6.03,Caixa Líquido Atividades de Financiamento,835932000.0,S,ind
42.276.907/0001-28,2026-03-31,1,VLI MULTIMODAL S.A,028045,DF Consolidado - Demonstração do Fluxo de Caixa (Método Direto),REAL,MIL,ÚLTIMO,2026-01-01,2026-03-31,6.04,Variação Cambial s/ Caixa e Equivalentes,0.0,S,con
42.276.907/0001-28,2026-03-31,1,VLI MULTIMODAL S.A,028045,DF Individual - Demonstração do Fluxo de Caixa (Método Direto),REAL,MIL,ÚLTIMO,2026-01-01,2026-03-31,6.04,Variação Cambial s/ Caixa e Equivalentes,0.0,S,ind
42.276.907/0001-28,2026-03-31,1,VLI MULTIMODAL S.A,028045,DF Consolidado - Demonstração do Fluxo de Caixa (Método Direto),REAL,MIL,ÚLTIMO,2026-01-01,2026-03-31,6.05,Aumento (Redução) de Caixa e Equivalentes,121965000.0,S,con
42.276.907/0001-28,2026-03-31,1,VLI MULTIMODAL S.A,028045,DF Individual - Demonstração do Fluxo de Caixa (Método Direto),REAL,MIL,ÚLTIMO,2026-01-01,2026-03-31,6.05,Aumento (Redução) de Caixa e Equivalentes,580997000.0,S,ind
52.017.473/0001-03,2025-03-31,1,AZEVEDO & TRAVASSOS ENERGIA S.A.,027626,DF Consolidado - Demonstração do Fluxo de Caixa (Método Direto),REAL,MIL,ÚLTIMO,2025-01-01,2025-03-31,6.01,Caixa Líquido Atividades Operacionais,-443000.0,S,con
52.017.473/0001-03,2025-03-31,1,AZEVEDO & TRAVASSOS ENERGIA S.A.,027626,DF Individual - Demonstração do Fluxo de Caixa (Método Direto),REAL,MIL,ÚLTIMO,2025-01-01,2025-03-31,6.01,Caixa Líquido Atividades Operacionais,23000.0,S,ind
52.017.473/0001-03,2025-03-31,1,AZEVEDO & TRAVASSOS ENERGIA S.A.,027626,DF Consolidado - Demonstração do Fluxo de Caixa (Método Direto),REAL,MIL,ÚLTIMO,2025-01-01,2025-03-31,6.01.03,Depreciação e amortização,2228000.0,N,con
52.017.473/0001-03,2025-03-31,1,AZEVEDO & TRAVASSOS ENERGIA S.A.,027626,DF Consolidado - Demonstração do Fluxo de Caixa (Método Direto),REAL,MIL,ÚLTIMO,2025-01-01,2025-03-31,6.01.04,Efeito liquido da baixa de imobilizado,0.0,N,con
52.017.473/0001-03,2025-03-31,1,AZEVEDO & TRAVASSOS ENERGIA S.A.,027626,DF Consolidado - Demonstração do Fluxo de Caixa (Método Direto),REAL,MIL,ÚLTIMO,2025-01-01,2025-03-31,6.01.05,Empréstimos e Financiamentos,0.0,N,con
52.017.473/0001-03,2025-03-31,1,AZEVEDO & TRAVASSOS ENERGIA S.A.,027626,DF Consolidado - Demonstração do Fluxo de Caixa (Método Direto),REAL,MIL,ÚLTIMO,2025-01-01,2025-03-31,6.02,Caixa Líquido Atividades de Investimento,-4103000.0,S,con
52.017.473/0001-03,2025-03-31,1,AZEVEDO & TRAVASSOS ENERGIA S.A.,027626,DF Individual - Demonstração do Fluxo de Caixa (Método Direto),REAL,MIL,ÚLTIMO,2025-01-01,2025-03-31,6.02,Caixa Líquido Atividades de Investimento,-23000.0,S,ind
52.017.473/0001-03,2025-03-31,1,AZEVEDO & TRAVASSOS ENERGIA S.A.,027626,DF Consolidado - Demonstração do Fluxo de Caixa (Método Direto),REAL,MIL,ÚLTIMO,2025-01-01,2025-03-31,6.02.01,"Aquisições de investimentos, imobilizados e intangivel",-4103000.0,N,con
52.017.473/0001-03,2025-03-31,1,AZEVEDO & TRAVASSOS ENERGIA S.A.,027626,DF Individual - Demonstração do Fluxo de Caixa (Método Direto),REAL,MIL,ÚLTIMO,2025-01-01,2025-03-31,6.02.01,"Aquisição de Investimentos, Imobilizado e Intangível",-23000.0,N,ind
52.017.473/0001-03,2025-03-31,1,AZEVEDO & TRAVASSOS ENERGIA S.A.,027626,DF Consolidado - Demonstração do Fluxo de Caixa (Método Direto),REAL,MIL,ÚLTIMO,2025-01-01,2025-03-31,6.03,Caixa Líquido Atividades de Financiamento,4539000.0,S,con
52.017.473/0001-03,2025-03-31,1,AZEVEDO & TRAVASSOS ENERGIA S.A.,027626,DF Individual - Demonstração do Fluxo de Caixa (Método Direto),REAL,MIL,ÚLTIMO,2025-01-01,2025-03-31,6.03,Caixa Líquido Atividades de Financiamento,0.0,S,ind
52.017.473/0001-03,2025-03-31,1,AZEVEDO & TRAVASSOS ENERGIA S.A.,027626,DF Consolidado - Demonstração do Fluxo de Caixa (Método Direto),REAL,MIL,ÚLTIMO,2025-01-01,2025-03-31,6.03.01,Empréstimos e financiamentos,4539000.0,N,con
52.017.473/0001-03,2025-03-31,1,AZEVEDO & TRAVASSOS ENERGIA S.A.,027626,DF Consolidado - Demonstração do Fluxo de Caixa (Método Direto),REAL,MIL,ÚLTIMO,2025-01-01,2025-03-31,6.04,Variação Cambial s/ Caixa e Equivalentes,0.0,S,con
52.017.473/0001-03,2025-03-31,1,AZEVEDO & TRAVASSOS ENERGIA S.A.,027626,DF Individual - Demonstração do Fluxo de Caixa (Método Direto),REAL,MIL,ÚLTIMO,2025-01-01,2025-03-31,6.04,Variação Cambial s/ Caixa e Equivalentes,0.0,S,ind
52.017.473/0001-03,2025-03-31,1,AZEVEDO & TRAVASSOS ENERGIA S.A.,027626,DF Consolidado - Demonstração do Fluxo de Caixa (Método Direto),REAL,MIL,ÚLTIMO,2025-01-01,2025-03-31,6.05,Aumento (Redução) de Caixa e Equivalentes,-7000.0,S,con
52.017.473/0001-03,2025-03-31,1,AZEVEDO & TRAVASSOS ENERGIA S.A.,027626,DF Individual - Demonstração do Fluxo de Caixa (Método Direto),REAL,MIL,ÚLTIMO,2025-01-01,2025-03-31,6.05,Aumento (Redução) de Caixa e Equivalentes,0.0,S,ind
52.475.549/0001-36,2025-03-31,1,R/HOLDINGS S.A.,027685,DF Individual - Demonstração do Fluxo de Caixa (Método Direto),REAL,UNIDADE,ÚLTIMO,2025-01-01,2025-03-31,6.01,Caixa Líquido Atividades Operacionais,0.0,S,ind
52.475.549/0001-36,2025-03-31,1,R/HOLDINGS S.A.,027685,DF Individual - Demonstração do Fluxo de Caixa (Método Direto),REAL,UNIDADE,ÚLTIMO,2025-01-01,2025-03-31,6.02,Caixa Líquido Atividades de Investimento,0.0,S,ind
52.475.549/0001-36,2025-03-31,1,R/HOLDINGS S.A.,027685,DF Individual - Demonstração do Fluxo de Caixa (Método Direto),REAL,UNIDADE,ÚLTIMO,2025-01-01,2025-03-31,6.03,Caixa Líquido Atividades de Financiamento,0.0,S,ind
52.475.549/0001-36,2025-03-31,1,R/HOLDINGS S.A.,027685,DF Individual - Demonstração do Fluxo de Caixa (Método Direto),REAL,UNIDADE,ÚLTIMO,2025-01-01,2025-03-31,6.04,Variação Cambial s/ Caixa e Equivalentes,0.0,S,ind
52.475.549/0001-36,2025-03-31,1,R/HOLDINGS S.A.,027685,DF Individual - Demonstração do Fluxo de Caixa (Método Direto),REAL,UNIDADE,ÚLTIMO,2025-01-01,2025-03-31,6.05,Aumento (Redução) de Caixa e Equivalentes,0.0,S,ind
52.475.549/0001-36,2026-03-31,1,R/HOLDINGS S.A.,027685,DF Individual - Demonstração do Fluxo de Caixa (Método Direto),REAL,UNIDADE,ÚLTIMO,2026-01-01,2026-03-31,6.01,Caixa Líquido Atividades Operacionais,-34000.0,S,ind
52.475.549/0001-36,2026-03-31,1,R/HOLDINGS S.A.,027685,DF Individual - Demonstração do Fluxo de Caixa (Método Direto),REAL,UNIDADE,ÚLTIMO,2026-01-01,2026-03-31,6.02,Caixa Líquido Atividades de Investimento,0.0,S,ind
52.475.549/0001-36,2026-03-31,1,R/HOLDINGS S.A.,027685,DF Individual - Demonstração do Fluxo de Caixa (Método Direto),REAL,UNIDADE,ÚLTIMO,2026-01-01,2026-03-31,6.03,Caixa Líquido Atividades de Financiamento,31000.0,S,ind
52.475.549/0001-36,2026-03-31,1,R/HOLDINGS S.A.,027685,DF Individual - Demonstração do Fluxo de Caixa (Método Direto),REAL,UNIDADE,ÚLTIMO,2026-01-01,2026-03-31,6.04,Variação Cambial s/ Caixa e Equivalentes,0.0,S,ind
52.475.549/0001-36,2026-03-31,1,R/HOLDINGS S.A.,027685,DF Individual - Demonstração do Fluxo de Caixa (Método Direto),REAL,UNIDADE,ÚLTIMO,2026-01-01,2026-03-31,6.05,Aumento (Redução) de Caixa e Equivalentes,-3000.0,S,ind
52.805.925/0001-03,2025-03-31,1,BELORA RDVC CITY DESENVOLVIMENTO IMOBILIÁRIO S.A.,027570,DF Individual - Demonstração do Fluxo de Caixa (Método Direto),REAL,UNIDADE,ÚLTIMO,2025-01-01,2025-03-31,6.01,Caixa Líquido Atividades Operacionais,0.0,S,ind
52.805.925/0001-03,2025-03-31,1,BELORA RDVC CITY DESENVOLVIMENTO IMOBILIÁRIO S.A.,027570,DF Individual - Demonstração do Fluxo de Caixa (Método Direto),REAL,UNIDADE,ÚLTIMO,2025-01-01,2025-03-31,6.02,Caixa Líquido Atividades de Investimento,0.0,S,ind
52.805.925/0001-03,2025-03-31,1,BELORA RDVC CITY DESENVOLVIMENTO IMOBILIÁRIO S.A.,027570,DF Individual - Demonstração do Fluxo de Caixa (Método Direto),REAL,UNIDADE,ÚLTIMO,2025-01-01,2025-03-31,6.03,Caixa Líquido Atividades de Financiamento,0.0,S,ind
52.805.925/0001-03,2025-03-31,1,BELORA RDVC CITY DESENVOLVIMENTO IMOBILIÁRIO S.A.,027570,DF Individual - Demonstração do Fluxo de Caixa (Método Direto),REAL,UNIDADE,ÚLTIMO,2025-01-01,2025-03-31,6.04,Variação Cambial s/ Caixa e Equivalentes,0.0,S,ind
52.805.925/0001-03,2025-03-31,1,BELORA RDVC CITY DESENVOLVIMENTO IMOBILIÁRIO S.A.,027570,DF Individual - Demonstração do Fluxo de Caixa (Método Direto),REAL,UNIDADE,ÚLTIMO,2025-01-01,2025-03-31,6.05,Aumento (Redução) de Caixa e Equivalentes,0.0,S,ind
52.810.883/0001-07,2025-03-31,1,REVEE MCO S.A.,027561,DF Individual - Demonstração do Fluxo de Caixa (Método Direto),REAL,UNIDADE,ÚLTIMO,2025-01-01,2025-03-31,6.01,Caixa Líquido Atividades Operacionais,0.0,S,ind
52.810.883/0001-07,2025-03-31,1,REVEE MCO S.A.,027561,DF Individual - Demonstração do Fluxo de Caixa (Método Direto),REAL,UNIDADE,ÚLTIMO,2025-01-01,2025-03-31,6.02,Caixa Líquido Atividades de Investimento,0.0,S,ind
52.810.883/0001-07,2025-03-31,1,REVEE MCO S.A.,027561,DF Individual - Demonstração do Fluxo de Caixa (Método Direto),REAL,UNIDADE,ÚLTIMO,2025-01-01,2025-03-31,6.03,Caixa Líquido Atividades de Financiamento,0.0,S,ind
52.810.883/0001-07,2025-03-31,1,REVEE MCO S.A.,027561,DF Individual - Demonstração do Fluxo de Caixa (Método Direto),REAL,UNIDADE,ÚLTIMO,2025-01-01,2025-03-31,6.04,Variação Cambial s/ Caixa e Equivalentes,0.0,S,ind
52.810.883/0001-07,2025-03-31,1,REVEE MCO S.A.,027561,DF Individual - Demonstração do Fluxo de Caixa (Método Direto),REAL,UNIDADE,ÚLTIMO,2025-01-01,2025-03-31,6.05,Aumento (Redução) de Caixa e Equivalentes,0.0,S,ind
52.810.883/0001-07,2026-03-31,1,REVEE MCO S.A.,027561,DF Individual - Demonstração do Fluxo de Caixa (Método Direto),REAL,UNIDADE,ÚLTIMO,2026-01-01,2026-03-31,6.01,Caixa Líquido Atividades Operacionais,-97000.0,S,ind
52.810.883/0001-07,2026-03-31,1,REVEE MCO S.A.,027561,DF Individual - Demonstração do Fluxo de Caixa (Método Direto),REAL,UNIDADE,ÚLTIMO,2026-01-01,2026-03-31,6.02,Caixa Líquido Atividades de Investimento,0.0,S,ind
52.810.883/0001-07,2026-03-31,1,REVEE MCO S.A.,027561,DF Individual - Demonstração do Fluxo de Caixa (Método Direto),REAL,UNIDADE,ÚLTIMO,2026-01-01,2026-03-31,6.03,Caixa Líquido Atividades de Financiamento,68000.0,S,ind
52.810.883/0001-07,2026-03-31,1,REVEE MCO S.A.,027561,DF Individual - Demonstração do Fluxo de Caixa (Método Direto),REAL,UNIDADE,ÚLTIMO,2026-01-01,2026-03-31,6.04,Variação Cambial s/ Caixa e Equivalentes,0.0,S,ind
52.810.883/0001-07,2026-03-31,1,REVEE MCO S.A.,027561,DF Individual - Demonstração do Fluxo de Caixa (Método Direto),REAL,UNIDADE,ÚLTIMO,2026-01-01,2026-03-31,6.05,Aumento (Redução) de Caixa e Equivalentes,-29000.0,S,ind
52.841.191/0001-18,2025-03-31,2,REVEE S.A.,027650,DF Individual - Demonstração do Fluxo de Caixa (Método Direto),REAL,UNIDADE,ÚLTIMO,2025-01-01,2025-03-31,6.01,Caixa Líquido Atividades Operacionais,0.0,S,ind
52.841.191/0001-18,2025-03-31,2,REVEE S.A.,027650,DF Individual - Demonstração do Fluxo de Caixa (Método Direto),REAL,UNIDADE,ÚLTIMO,2025-01-01,2025-03-31,6.02,Caixa Líquido Atividades de Investimento,0.0,S,ind
52.841.191/0001-18,2025-03-31,2,REVEE S.A.,027650,DF Individual - Demonstração do Fluxo de Caixa (Método Direto),REAL,UNIDADE,ÚLTIMO,2025-01-01,2025-03-31,6.03,Caixa Líquido Atividades de Financiamento,0.0,S,ind
52.841.191/0001-18,2025-03-31,2,REVEE S.A.,027650,DF Individual - Demonstração do Fluxo de Caixa (Método Direto),REAL,UNIDADE,ÚLTIMO,2025-01-01,2025-03-31,6.04,Variação Cambial s/ Caixa e Equivalentes,0.0,S,ind
52.841.191/0001-18,2025-03-31,2,REVEE S.A.,027650,DF Individual - Demonstração do Fluxo de Caixa (Método Direto),REAL,UNIDADE,ÚLTIMO,2025-01-01,2025-03-31,6.05,Aumento (Redução) de Caixa e Equivalentes,0.0,S,ind
52.841.191/0001-18,2026-03-31,1,REVEE S.A.,027650,DF Consolidado - Demonstração do Fluxo de Caixa (Método Direto),REAL,UNIDADE,ÚLTIMO,2026-01-01,2026-03-31,6.01,Caixa Líquido Atividades Operacionais,175864000.0,S,con
52.841.191/0001-18,2026-03-31,1,REVEE S.A.,027650,DF Individual - Demonstração do Fluxo de Caixa (Método Direto),REAL,UNIDADE,ÚLTIMO,2026-01-01,2026-03-31,6.01,Caixa Líquido Atividades Operacionais,27717000.0,S,ind
52.841.191/0001-18,2026-03-31,1,REVEE S.A.,027650,DF Consolidado - Demonstração do Fluxo de Caixa (Método Direto),REAL,UNIDADE,ÚLTIMO,2026-01-01,2026-03-31,6.02,Caixa Líquido Atividades de Investimento,-199882000.0,S,con
52.841.191/0001-18,2026-03-31,1,REVEE S.A.,027650,DF Individual - Demonstração do Fluxo de Caixa (Método Direto),REAL,UNIDADE,ÚLTIMO,2026-01-01,2026-03-31,6.02,Caixa Líquido Atividades de Investimento,-25069000.0,S,ind
52.841.191/0001-18,2026-03-31,1,REVEE S.A.,027650,DF Consolidado - Demonstração do Fluxo de Caixa (Método Direto),REAL,UNIDADE,ÚLTIMO,2026-01-01,2026-03-31,6.03,Caixa Líquido Atividades de Financiamento,14450000.0,S,con
52.841.191/0001-18,2026-03-31,1,REVEE S.A.,027650,DF Individual - Demonstração do Fluxo de Caixa (Método Direto),REAL,UNIDADE,ÚLTIMO,2026-01-01,2026-03-31,6.03,Caixa Líquido Atividades de Financiamento,-12241000.0,S,ind
52.841.191/0001-18,2026-03-31,1,REVEE S.A.,027650,DF Consolidado - Demonstração do Fluxo de Caixa (Método Direto),REAL,UNIDADE,ÚLTIMO,2026-01-01,2026-03-31,6.04,Variação Cambial s/ Caixa e Equivalentes,0.0,S,con
52.841.191/0001-18,2026-03-31,1,REVEE S.A.,027650,DF Individual - Demonstração do Fluxo de Caixa (Método Direto),REAL,UNIDADE,ÚLTIMO,2026-01-01,2026-03-31,6.04,Variação Cambial s/ Caixa e Equivalentes,0.0,S,ind
52.841.191/0001-18,2026-03-31,1,REVEE S.A.,027650,DF Consolidado - Demonstração do Fluxo de Caixa (Método Direto),REAL,UNIDADE,ÚLTIMO,2026-01-01,2026-03-31,6.05,Aumento (Redução) de Caixa e Equivalentes,-9568000.0,S,con
52.841.191/0001-18,2026-03-31,1,REVEE S.A.,027650,DF Individual - Demonstração do Fluxo de Caixa (Método Direto),REAL,UNIDADE,ÚLTIMO,2026-01-01,2026-03-31,6.05,Aumento (Redução) de Caixa e Equivalentes,-9593000.0,S,ind
56.444.250/0001-75,2025-03-31,1,HAUSCENTER SA,014850,DF Individual - Demonstração do Fluxo de Caixa (Método Direto),REAL,MIL,ÚLTIMO,2025-01-01,2025-03-31,6.01,Caixa Líquido Atividades Operacionais,-7000.0,S,ind
56.444.250/0001-75,2025-03-31,1,HAUSCENTER SA,014850,DF Individual - Demonstração do Fluxo de Caixa (Método Direto),REAL,MIL,ÚLTIMO,2025-01-01,2025-03-31,6.02,Caixa Líquido Atividades de Investimento,0.0,S,ind
56.444.250/0001-75,2025-03-31,1,HAUSCENTER SA,014850,DF Individual - Demonstração do Fluxo de Caixa (Método Direto),REAL,MIL,ÚLTIMO,2025-01-01,2025-03-31,6.03,Caixa Líquido Atividades de Financiamento,-7000.0,S,ind
56.444.250/0001-75,2025-03-31,1,HAUSCENTER SA,014850,DF Individual - Demonstração do Fluxo de Caixa (Método Direto),REAL,MIL,ÚLTIMO,2025-01-01,2025-03-31,6.04,Variação Cambial s/ Caixa e Equivalentes,0.0,S,ind
56.444.250/0001-75,2025-03-31,1,HAUSCENTER SA,014850,DF Individual - Demonstração do Fluxo de Caixa (Método Direto),REAL,MIL,ÚLTIMO,2025-01-01,2025-03-31,6.05,Aumento (Redução) de Caixa e Equivalentes,-14000.0,S,ind
56.444.250/0001-75,2026-03-31,1,HAUSCENTER SA,014850,DF Individual - Demonstração do Fluxo de Caixa (Método Direto),REAL,MIL,ÚLTIMO,2026-01-01,2026-03-31,6.01,Caixa Líquido Atividades Operacionais,7000.0,S,ind
56.444.250/0001-75,2026-03-31,1,HAUSCENTER SA,014850,DF Individual - Demonstração do Fluxo de Caixa (Método Direto),REAL,MIL,ÚLTIMO,2026-01-01,2026-03-31,6.02,Caixa Líquido Atividades de Investimento,0.0,S,ind
56.444.250/0001-75,2026-03-31,1,HAUSCENTER SA,014850,DF Individual - Demonstração do Fluxo de Caixa (Método Direto),REAL,MIL,ÚLTIMO,2026-01-01,2026-03-31,6.03,Caixa Líquido Atividades de Financiamento,-7000.0,S,ind
56.444.250/0001-75,2026-03-31,1,HAUSCENTER SA,014850,DF Individual - Demonstração do Fluxo de Caixa (Método Direto),REAL,MIL,ÚLTIMO,2026-01-01,2026-03-31,6.04,Variação Cambial s/ Caixa e Equivalentes,0.0,S,ind
56.444.250/0001-75,2026-03-31,1,HAUSCENTER SA,014850,DF Individual - Demonstração do Fluxo de Caixa (Método Direto),REAL,MIL,ÚLTIMO,2026-01-01,2026-03-31,6.05,Aumento (Redução) de Caixa e Equivalentes,0.0,S,ind
59.693.110/0001-29,2025-03-31,1,ORANJEBTC S.A. - EDUCAÇÃO E INVESTIMENTO,027910,DF Individual - Demonstração do Fluxo de Caixa (Método Direto),REAL,MIL,ÚLTIMO,2025-01-01,2025-03-31,6.01,Caixa Líquido Atividades Operacionais,0.0,S,ind
59.693.110/0001-29,2025-03-31,1,ORANJEBTC S.A. - EDUCAÇÃO E INVESTIMENTO,027910,DF Individual - Demonstração do Fluxo de Caixa (Método Direto),REAL,MIL,ÚLTIMO,2025-01-01,2025-03-31,6.02,Caixa Líquido Atividades de Investimento,0.0,S,ind
59.693.110/0001-29,2025-03-31,1,ORANJEBTC S.A. - EDUCAÇÃO E INVESTIMENTO,027910,DF Individual - Demonstração do Fluxo de Caixa (Método Direto),REAL,MIL,ÚLTIMO,2025-01-01,2025-03-31,6.03,Caixa Líquido Atividades de Financiamento,0.0,S,ind
59.693.110/0001-29,2025-03-31,1,ORANJEBTC S.A. - EDUCAÇÃO E INVESTIMENTO,027910,DF Individual - Demonstração do Fluxo de Caixa (Método Direto),REAL,MIL,ÚLTIMO,2025-01-01,2025-03-31,6.04,Variação Cambial s/ Caixa e Equivalentes,0.0,S,ind
59.693.110/0001-29,2025-03-31,1,ORANJEBTC S.A. - EDUCAÇÃO E INVESTIMENTO,027910,DF Individual - Demonstração do Fluxo de Caixa (Método Direto),REAL,MIL,ÚLTIMO,2025-01-01,2025-03-31,6.05,Aumento (Redução) de Caixa e Equivalentes,0.0,S,ind
62.144.175/0001-20,2025-03-31,2,BCO PINE S.A,020567,DF Consolidado - Demonstração do Fluxo de Caixa (Método Direto),REAL,MIL,ÚLTIMO,2025-01-01,2025-03-31,6.01,Caixa Líquido Atividades Operacionais,-1983327000.0,S,con
62.144.175/0001-20,2025-03-31,2,BCO PINE S.A,020567,DF Consolidado - Demonstração do Fluxo de Caixa (Método Direto),REAL,MIL,ÚLTIMO,2025-01-01,2025-03-31,6.02,Caixa Líquido Atividades de Investimento,-6530000.0,S,con
62.144.175/0001-20,2025-03-31,2,BCO PINE S.A,020567,DF Consolidado - Demonstração do Fluxo de Caixa (Método Direto),REAL,MIL,ÚLTIMO,2025-01-01,2025-03-31,6.02.02,(Aquisição) Alienação de imobilizado de uso,-1534000.0,N,con
62.144.175/0001-20,2025-03-31,2,BCO PINE S.A,020567,DF Consolidado - Demonstração do Fluxo de Caixa (Método Direto),REAL,MIL,ÚLTIMO,2025-01-01,2025-03-31,6.02.03,(Aquisição) Alienação de intangível,-4974000.0,N,con
62.144.175/0001-20,2025-03-31,2,BCO PINE S.A,020567,DF Consolidado - Demonstração do Fluxo de Caixa (Método Direto),REAL,MIL,ÚLTIMO,2025-01-01,2025-03-31,6.03,Caixa Líquido Atividades de Financiamento,-22088000.0,S,con
62.144.175/0001-20,2025-03-31,2,BCO PINE S.A,020567,DF Consolidado - Demonstração do Fluxo de Caixa (Método Direto),REAL,MIL,ÚLTIMO,2025-01-01,2025-03-31,6.04,Efeitos de Variação Cambial s/ Caixa e Equivalentes,20520000.0,S,con
62.144.175/0001-20,2025-03-31,2,BCO PINE S.A,020567,DF Consolidado - Demonstração do Fluxo de Caixa (Método Direto),REAL,MIL,ÚLTIMO,2025-01-01,2025-03-31,6.05,Aumento (Redução) de Caixa e Equivalentes,-1991425000.0,S,con
62.144.175/0001-20,2026-03-31,3,BCO PINE S.A,020567,DF Consolidado - Demonstração do Fluxo de Caixa (Método Direto),REAL,MIL,ÚLTIMO,2026-01-01,2026-03-31,6.01,Caixa Líquido Atividades Operacionais,345649000.0,S,con
62.144.175/0001-20,2026-03-31,3,BCO PINE S.A,020567,DF Consolidado - Demonstração do Fluxo de Caixa (Método Direto),REAL,MIL,ÚLTIMO,2026-01-01,2026-03-31,6.02,Caixa Líquido Atividades de Investimento,-424000.0,S,con
62.144.175/0001-20,2026-03-31,3,BCO PINE S.A,020567,DF Consolidado - Demonstração do Fluxo de Caixa (Método Direto),REAL,MIL,ÚLTIMO,2026-01-01,2026-03-31,6.02.02,(Aquisição) Alienação de imobilizado de uso,-12000.0,N,con
62.144.175/0001-20,2026-03-31,3,BCO PINE S.A,020567,DF Consolidado - Demonstração do Fluxo de Caixa (Método Direto),REAL,MIL,ÚLTIMO,2026-01-01,2026-03-31,6.02.03,(Aquisição) Alienação de intangível,-390000.0,N,con
62.144.175/0001-20,2026-03-31,3,BCO PINE S.A,020567,DF Consolidado - Demonstração do Fluxo de Caixa (Método Direto),REAL,MIL,ÚLTIMO,2026-01-01,2026-03-31,6.03,Caixa Líquido Atividades de Financiamento,186377000.0,S,con
62.144.175/0001-20,2026-03-31,3,BCO PINE S.A,020567,DF Consolidado - Demonstração do Fluxo de Caixa (Método Direto),REAL,MIL,ÚLTIMO,2026-01-01,2026-03-31,6.04,Efeitos de Variação Cambial s/ Caixa e Equivalentes,-105168000.0,S,con
62.144.175/0001-20,2026-03-31,3,BCO PINE S.A,020567,DF Consolidado - Demonstração do Fluxo de Caixa (Método Direto),REAL,MIL,ÚLTIMO,2026-01-01,2026-03-31,6.05,Aumento (Redução) de Caixa e Equivalentes,426434000.0,S,con
