ticker,data,pregoes,cobertura_pct,cobertura,iv_geral_pct,iv_rank_geral,iv_percentil_geral,iv_call_pct,iv_rank_call,iv_percentil_call,iv_put_pct,iv_rank_put,iv_percentil_put,diferencial_call_put_pct,metodologia
MGLU3,2026-10-07,250,100.0,completo,93.9727,100.0,99.6,91.5149,97.25,99.2,96.4304,98.17,99.2,-4.9155,IV_ATM_fechamento_ponderada_negocios_com_curva_DI1
VULC3,2026-10-07,144,57.6,parcial,38.9334,100.0,99.31,44.2296,100.0,99.31,33.6372,69.65,92.36,10.5924,IV_ATM_fechamento_ponderada_negocios_com_curva_DI1
CXSE3,2026-10-07,250,100.0,completo,27.6246,97.66,99.2,26.8573,82.47,96.8,28.3918,97.41,98.8,-1.5345,IV_ATM_fechamento_ponderada_negocios_com_curva_DI1
RDOR3,2026-10-07,250,100.0,completo,43.8076,89.83,99.2,42.984,88.29,96.8,44.6313,93.11,98.0,-1.6473,IV_ATM_fechamento_ponderada_negocios_com_curva_DI1
POMO4,2026-10-07,234,93.6,alto,43.3109,95.74,99.15,44.4718,56.51,98.29,42.1499,73.91,98.29,2.3219,IV_ATM_fechamento_ponderada_negocios_com_curva_DI1
MOVI3,2026-10-01,110,44.0,parcial,93.7038,100.0,99.09,95.8127,100.0,99.09,91.5948,99.74,98.18,4.2179,IV_ATM_fechamento_ponderada_negocios_com_curva_DI1
SIMH3,2026-10-01,88,35.2,curto,91.9014,100.0,98.86,93.0478,100.0,98.86,90.755,94.94,97.73,2.2928,IV_ATM_fechamento_ponderada_negocios_com_curva_DI1
BPAC11,2026-10-07,250,100.0,completo,51.5909,92.18,98.8,54.2675,100.0,99.6,48.9142,81.11,98.8,5.3533,IV_ATM_fechamento_ponderada_negocios_com_curva_DI1
RENT3,2026-10-07,250,100.0,completo,55.8891,85.37,98.4,57.496,70.17,98.4,54.2822,75.88,95.2,3.2138,IV_ATM_fechamento_ponderada_negocios_com_curva_DI1
BRKM5,2026-10-01,232,92.8,alto,107.2797,95.73,98.28,97.5496,83.42,97.41,117.0098,61.68,98.28,-19.4602,IV_ATM_fechamento_ponderada_negocios_com_curva_DI1
B3SA3,2026-10-07,250,100.0,completo,51.2493,82.73,98.0,50.9523,83.65,97.2,51.5462,79.8,99.2,-0.5939,IV_ATM_fechamento_ponderada_negocios_com_curva_DI1
CSNA3,2026-10-07,250,100.0,completo,73.7487,81.14,98.0,74.0809,78.06,97.6,73.4166,73.88,94.8,0.6643,IV_ATM_fechamento_ponderada_negocios_com_curva_DI1
AZZA3,2026-10-07,250,100.0,completo,72.9131,72.57,98.0,77.7401,87.95,98.8,68.0861,62.7,96.4,9.654,IV_ATM_fechamento_ponderada_negocios_com_curva_DI1
ASAI3,2026-10-07,245,98.0,alto,59.3852,86.31,97.96,59.2074,93.45,98.37,59.563,76.84,94.69,-0.3556,IV_ATM_fechamento_ponderada_negocios_com_curva_DI1
FLRY3,2026-10-07,194,77.6,parcial,37.8937,84.4,97.94,37.3121,80.77,92.27,38.4753,85.28,96.39,-1.1632,IV_ATM_fechamento_ponderada_negocios_com_curva_DI1
TOTS3,2026-10-07,236,94.4,alto,46.9119,77.66,97.46,47.0817,60.06,96.19,46.7421,63.96,96.61,0.3396,IV_ATM_fechamento_ponderada_negocios_com_curva_DI1
JHSF3,2026-10-01,224,89.6,alto,47.7065,73.19,96.88,47.7028,79.75,91.52,47.7101,62.69,92.86,-0.0073,IV_ATM_fechamento_ponderada_negocios_com_curva_DI1
MRVE3,2026-10-07,250,100.0,completo,67.0727,85.86,96.8,70.4521,83.78,98.0,63.6934,72.04,93.2,6.7587,IV_ATM_fechamento_ponderada_negocios_com_curva_DI1
GOAU4,2026-10-07,250,100.0,completo,36.4267,86.4,96.4,33.8564,76.44,84.0,38.9971,86.22,96.8,-5.1407,IV_ATM_fechamento_ponderada_negocios_com_curva_DI1
GGBR4,2026-10-07,250,100.0,completo,37.363,84.52,96.4,33.7922,66.15,80.8,40.9338,90.99,98.0,-7.1416,IV_ATM_fechamento_ponderada_negocios_com_curva_DI1
NATU3,2026-10-07,250,100.0,completo,61.0879,66.42,96.4,66.8374,75.08,98.4,55.3384,36.07,76.0,11.499,IV_ATM_fechamento_ponderada_negocios_com_curva_DI1
CSAN3,2026-10-07,250,100.0,completo,61.6637,54.28,96.4,59.4531,58.63,92.8,63.8744,59.13,96.4,-4.4213,IV_ATM_fechamento_ponderada_negocios_com_curva_DI1
BRSR6,2026-10-07,135,54.0,parcial,38.6337,78.87,96.3,39.5442,71.42,94.07,37.7231,65.47,91.11,1.8211,IV_ATM_fechamento_ponderada_negocios_com_curva_DI1
COGN3,2026-10-07,250,100.0,completo,57.3109,63.27,96.0,53.7486,59.48,80.0,60.8731,75.58,98.8,-7.1245,IV_ATM_fechamento_ponderada_negocios_com_curva_DI1
VIVA3,2026-10-07,221,88.4,alto,51.2181,61.18,95.02,42.3922,43.54,67.87,60.0441,65.88,96.83,-17.6519,IV_ATM_fechamento_ponderada_negocios_com_curva_DI1
EQTL3,2026-10-07,250,100.0,completo,35.3857,65.6,94.4,33.6998,63.58,86.8,37.0715,65.93,96.4,-3.3717,IV_ATM_fechamento_ponderada_negocios_com_curva_DI1
RAPT4,2026-09-30,35,14.0,curto,62.1473,73.48,94.29,60.6737,40.31,94.29,63.6209,100.0,97.14,-2.9472,IV_ATM_fechamento_ponderada_negocios_com_curva_DI1
CMIN3,2026-10-07,237,94.8,alto,51.2273,71.07,94.09,48.4315,68.23,94.94,54.0231,49.22,86.5,-5.5916,IV_ATM_fechamento_ponderada_negocios_com_curva_DI1
BBDC4,2026-10-07,250,100.0,completo,37.5675,64.8,93.6,36.5746,72.85,90.4,38.5603,59.97,93.2,-1.9857,IV_ATM_fechamento_ponderada_negocios_com_curva_DI1
TIMS3,2026-10-07,201,80.4,alto,30.635,87.69,93.03,28.1318,56.33,70.65,33.1382,57.55,96.52,-5.0064,IV_ATM_fechamento_ponderada_negocios_com_curva_DI1
VAMO3,2026-10-07,215,86.0,alto,71.887,78.2,93.02,77.2315,79.07,95.81,66.5425,64.04,89.3,10.689,IV_ATM_fechamento_ponderada_negocios_com_curva_DI1
BBSE3,2026-10-07,250,100.0,completo,26.5211,77.71,92.8,25.9522,71.92,91.6,27.0901,85.47,93.6,-1.1379,IV_ATM_fechamento_ponderada_negocios_com_curva_DI1
ITSA4,2026-10-07,250,100.0,completo,31.6149,57.43,92.0,31.5326,57.71,93.6,31.6972,62.66,88.4,-0.1646,IV_ATM_fechamento_ponderada_negocios_com_curva_DI1
MULT3,2026-10-07,245,98.0,alto,38.864,74.87,91.84,44.3567,95.43,98.78,33.3713,47.21,78.78,10.9854,IV_ATM_fechamento_ponderada_negocios_com_curva_DI1
CYRE3,2026-10-07,250,100.0,completo,49.4838,56.72,90.8,51.6477,62.22,95.2,47.3198,48.95,81.6,4.3279,IV_ATM_fechamento_ponderada_negocios_com_curva_DI1
LREN3,2026-10-07,250,100.0,completo,48.5565,55.2,90.8,45.6296,50.2,77.6,51.4833,71.02,95.2,-5.8537,IV_ATM_fechamento_ponderada_negocios_com_curva_DI1
BBAS3,2026-10-07,250,100.0,completo,42.2625,50.78,90.0,42.1179,50.88,90.0,42.407,55.35,90.4,-0.2891,IV_ATM_fechamento_ponderada_negocios_com_curva_DI1
EGIE3,2026-10-07,250,100.0,completo,30.8831,41.23,89.6,32.0464,49.68,96.4,29.7197,28.77,74.0,2.3267,IV_ATM_fechamento_ponderada_negocios_com_curva_DI1
BEEF3,2026-10-07,250,100.0,completo,59.6038,60.79,89.2,59.845,61.55,90.4,59.3626,57.47,88.8,0.4824,IV_ATM_fechamento_ponderada_negocios_com_curva_DI1
ALOS3,2026-10-07,250,100.0,completo,32.3363,46.53,88.8,32.0155,56.44,91.2,32.6571,43.83,87.6,-0.6416,IV_ATM_fechamento_ponderada_negocios_com_curva_DI1
HAPV3,2026-10-07,250,100.0,completo,76.7149,35.5,87.2,88.3705,39.66,94.4,65.0594,30.89,60.4,23.3111,IV_ATM_fechamento_ponderada_negocios_com_curva_DI1
RAIL3,2026-09-30,244,97.6,alto,42.7863,77.58,86.89,47.0301,95.35,98.36,38.5424,49.68,60.25,8.4877,IV_ATM_fechamento_ponderada_negocios_com_curva_DI1
SBSP3,2026-10-07,250,100.0,completo,34.757,54.4,86.4,35.8401,60.64,86.4,33.6739,55.14,82.0,2.1662,IV_ATM_fechamento_ponderada_negocios_com_curva_DI1
CURY3,2026-10-07,113,45.2,parcial,47.6575,74.94,85.84,46.2364,69.01,84.96,49.0785,60.67,77.88,-2.8421,IV_ATM_fechamento_ponderada_negocios_com_curva_DI1
SMAL11,2026-10-07,250,100.0,completo,31.7593,43.94,85.6,32.0904,48.51,87.6,31.4282,47.19,82.4,0.6622,IV_ATM_fechamento_ponderada_negocios_com_curva_DI1
BBDC3,2026-10-07,250,100.0,completo,33.7091,59.34,85.2,31.0809,67.58,78.4,36.3373,58.23,90.4,-5.2564,IV_ATM_fechamento_ponderada_negocios_com_curva_DI1
SANB11,2026-10-07,250,100.0,completo,34.3217,66.2,84.4,31.9415,55.2,82.4,36.7019,68.08,91.2,-4.7604,IV_ATM_fechamento_ponderada_negocios_com_curva_DI1
ITUB4,2026-10-07,250,100.0,completo,30.5247,51.58,84.0,28.9056,49.67,77.6,32.1437,58.31,88.8,-3.2381,IV_ATM_fechamento_ponderada_negocios_com_curva_DI1
CEAB3,2026-10-07,169,67.6,parcial,58.5728,47.56,82.84,63.0012,70.09,90.53,54.1445,35.22,68.64,8.8567,IV_ATM_fechamento_ponderada_negocios_com_curva_DI1
EMBJ3,2026-10-07,228,91.2,alto,40.2253,62.55,82.46,43.29,76.09,91.23,37.1607,43.94,62.72,6.1293,IV_ATM_fechamento_ponderada_negocios_com_curva_DI1
VBBR3,2026-10-07,250,100.0,completo,36.1533,60.55,82.0,35.0674,56.11,82.8,37.2392,60.36,83.6,-2.1718,IV_ATM_fechamento_ponderada_negocios_com_curva_DI1
IRBR3,2026-10-07,250,100.0,completo,36.9413,44.96,81.2,38.3991,56.13,87.2,35.4835,39.25,71.2,2.9156,IV_ATM_fechamento_ponderada_negocios_com_curva_DI1
BOVA11,2026-10-07,250,100.0,completo,23.6506,45.26,79.6,22.9287,45.45,77.2,24.3725,47.15,81.2,-1.4438,IV_ATM_fechamento_ponderada_negocios_com_curva_DI1
IBOV11,2026-10-07,217,86.8,alto,23.869,43.35,79.26,22.7762,46.58,76.04,24.9618,42.19,80.18,-2.1856,IV_ATM_fechamento_ponderada_negocios_com_curva_DI1
VALE3,2026-10-07,250,100.0,completo,31.0361,59.76,79.2,29.1561,55.75,70.4,32.9161,65.57,86.8,-3.76,IV_ATM_fechamento_ponderada_negocios_com_curva_DI1
DIRR3,2026-10-07,210,84.0,alto,44.4732,50.09,79.05,44.2636,43.24,77.14,44.6828,53.82,81.9,-0.4192,IV_ATM_fechamento_ponderada_negocios_com_curva_DI1
CMIG4,2026-10-07,250,100.0,completo,25.7451,41.17,77.6,25.0321,37.57,70.8,26.458,59.0,76.8,-1.4259,IV_ATM_fechamento_ponderada_negocios_com_curva_DI1
AUAU3,2026-10-07,119,47.6,parcial,47.6852,52.09,76.47,50.6647,59.46,84.03,44.7056,41.1,64.71,5.9591,IV_ATM_fechamento_ponderada_negocios_com_curva_DI1
RADL3,2026-10-07,250,100.0,completo,41.7032,40.1,75.6,45.4719,70.16,93.2,37.9345,27.85,38.8,7.5374,IV_ATM_fechamento_ponderada_negocios_com_curva_DI1
ISAE4,2026-10-07,250,100.0,completo,24.1734,58.92,74.0,23.7717,57.81,76.0,24.575,58.73,71.2,-0.8033,IV_ATM_fechamento_ponderada_negocios_com_curva_DI1
SUZB3,2026-10-07,250,100.0,completo,27.6494,58.84,73.2,28.8324,73.19,87.2,26.4663,48.08,58.8,2.3661,IV_ATM_fechamento_ponderada_negocios_com_curva_DI1
BRAP4,2026-10-07,250,100.0,completo,31.0056,49.11,70.0,29.1814,53.7,61.2,32.8298,37.43,74.4,-3.6484,IV_ATM_fechamento_ponderada_negocios_com_curva_DI1
PETR3,2026-10-07,249,99.6,alto,37.1384,62.67,69.48,40.1672,73.68,82.33,34.1096,50.53,60.24,6.0576,IV_ATM_fechamento_ponderada_negocios_com_curva_DI1
MBRF3,2026-10-07,250,100.0,completo,54.5248,33.14,68.0,51.1827,33.67,67.6,57.8669,31.63,62.8,-6.6842,IV_ATM_fechamento_ponderada_negocios_com_curva_DI1
SMFT3,2026-10-07,83,33.2,curto,39.825,59.69,67.47,45.9198,65.16,90.36,33.7301,29.27,24.1,12.1897,IV_ATM_fechamento_ponderada_negocios_com_curva_DI1
PSSA3,2026-10-07,247,98.8,alto,26.0671,55.41,67.21,27.8903,55.07,84.21,24.244,39.13,50.2,3.6463,IV_ATM_fechamento_ponderada_negocios_com_curva_DI1
KLBN11,2026-10-07,250,100.0,completo,22.8169,40.94,67.2,22.9613,45.75,68.4,22.6726,44.01,64.0,0.2887,IV_ATM_fechamento_ponderada_negocios_com_curva_DI1
PETR4,2026-10-07,250,100.0,completo,32.7586,51.67,66.4,34.5247,58.84,72.8,30.9925,46.54,59.2,3.5322,IV_ATM_fechamento_ponderada_negocios_com_curva_DI1
TAEE11,2026-10-07,250,100.0,completo,23.0357,52.29,65.6,20.0716,42.36,48.0,25.9998,57.52,76.4,-5.9282,IV_ATM_fechamento_ponderada_negocios_com_curva_DI1
WEGE3,2026-10-07,250,100.0,completo,29.9814,36.27,65.2,30.2516,45.27,61.6,29.7112,36.05,56.4,0.5404,IV_ATM_fechamento_ponderada_negocios_com_curva_DI1
CSMG3,2026-10-07,245,98.0,alto,32.2553,27.07,64.49,25.7358,20.9,19.59,38.7749,46.15,86.12,-13.0391,IV_ATM_fechamento_ponderada_negocios_com_curva_DI1
PRIO3,2026-10-07,250,100.0,completo,35.4835,27.04,55.2,38.9186,37.94,72.4,32.0483,20.14,39.6,6.8703,IV_ATM_fechamento_ponderada_negocios_com_curva_DI1
ABEV3,2026-10-07,250,100.0,completo,26.2589,32.17,54.4,26.8521,47.96,68.0,25.6656,30.17,36.4,1.1865,IV_ATM_fechamento_ponderada_negocios_com_curva_DI1
TEND3,2026-10-07,25,10.0,curto,57.9735,73.81,52.0,55.3537,75.96,36.0,60.5932,69.72,68.0,-5.2395,IV_ATM_fechamento_ponderada_negocios_com_curva_DI1
USIM5,2026-10-07,250,100.0,completo,46.4454,46.02,51.2,45.9763,48.91,49.6,46.9145,43.34,57.2,-0.9382,IV_ATM_fechamento_ponderada_negocios_com_curva_DI1
AXIA3,2026-10-07,216,86.4,alto,31.6306,48.32,50.46,32.3036,57.29,56.94,30.9575,40.26,41.67,1.3461,IV_ATM_fechamento_ponderada_negocios_com_curva_DI1
ENEV3,2026-10-07,237,94.8,alto,34.5042,9.74,47.68,34.4995,13.38,49.37,34.509,10.82,43.88,-0.0095,IV_ATM_fechamento_ponderada_negocios_com_curva_DI1
HYPE3,2026-10-07,250,100.0,completo,32.0545,28.28,39.2,29.0052,30.79,18.8,35.1037,46.14,62.0,-6.0985,IV_ATM_fechamento_ponderada_negocios_com_curva_DI1
UGPA3,2026-10-07,233,93.2,alto,33.034,31.94,29.61,35.6256,53.87,69.53,30.4423,13.34,7.73,5.1833,IV_ATM_fechamento_ponderada_negocios_com_curva_DI1
BRAV3,2026-10-07,250,100.0,completo,35.8746,18.77,21.2,32.9035,31.91,34.0,38.8458,16.07,34.4,-5.9423,IV_ATM_fechamento_ponderada_negocios_com_curva_DI1
