tipo,indicador,nome,ano_referencia,valor,unidade,data,fonte,codigo,variacao_1s,variacao_4s
macro,selic_meta,Selic Meta,,13.75,% a.a.,2026-10-01,Banco Central do Brasil,SGS 432,,
macro,ipca_12m,IPCA 12 meses,,4.22,%,2026-08-01,IBGE via Banco Central do Brasil,SGS 13522,,
macro,cdi,CDI anualizado base 252,,13.65,% a.a.,2026-09-30,Banco Central do Brasil,SGS 4389,,
macro,dolar_ptax,Dólar PTAX venda,,5.2079,R$/US$,2026-10-01,Banco Central do Brasil,SGS 1,,
macro,igpm,IGP-M,,1.57,% no mês,2026-09-01,FGV via Banco Central do Brasil,SGS 189,,
macro,euro_ptax,Euro PTAX venda,,5.8495,R$/EUR,2026-10-01,Banco Central do Brasil,SGS 21619,,
macro,reservas_internacionais,Reservas internacionais,,362821.0,US$ milhões,2026-09-30,Banco Central do Brasil,SGS 13621,,
macro,balanca_comercial,Balança comercial,,1371.1,US$ milhões,2026-08-01,Banco Central do Brasil,SGS 22704,,
macro,resultado_primario,Resultado primário - setor público consolidado,,10012.04,R$ milhões,2026-08-01,Banco Central do Brasil,SGS 4649,,
macro,divida_pib,Dívida Bruta do Governo Geral / PIB,,82.86,% do PIB,2026-08-01,Banco Central do Brasil,SGS 13762,,
focus,ipca,IPCA,2026,4.9915,%,2026-09-25,Banco Central - Focus,ExpectativasMercadoAnuais,0.071,-0.0147
focus,selic,Selic,2026,13.5,% a.a.,2026-09-25,Banco Central - Focus,ExpectativasMercadoAnuais,0.0,-0.25
focus,pib,PIB,2026,1.8603,%,2026-09-25,Banco Central - Focus,ExpectativasMercadoAnuais,-0.0202,-0.063
focus,cambio,Câmbio,2026,5.2,R$/US$,2026-09-25,Banco Central - Focus,ExpectativasMercadoAnuais,0.0,0.0
focus,ipca,IPCA,2027,4.3118,%,2026-09-25,Banco Central - Focus,ExpectativasMercadoAnuais,0.0118,0.0318
focus,selic,Selic,2027,12.0,% a.a.,2026-09-25,Banco Central - Focus,ExpectativasMercadoAnuais,0.0,0.0
focus,pib,PIB,2027,1.4105,%,2026-09-25,Banco Central - Focus,ExpectativasMercadoAnuais,-0.0229,-0.0895
focus,cambio,Câmbio,2027,5.2769,R$/US$,2026-09-25,Banco Central - Focus,ExpectativasMercadoAnuais,0.0019,-0.0231
focus,ipca,IPCA,2028,3.8,%,2026-09-25,Banco Central - Focus,ExpectativasMercadoAnuais,0.0,0.0
focus,selic,Selic,2028,10.5,% a.a.,2026-09-25,Banco Central - Focus,ExpectativasMercadoAnuais,0.0,0.0
focus,pib,PIB,2028,1.825,%,2026-09-25,Banco Central - Focus,ExpectativasMercadoAnuais,-0.045,-0.155
focus,cambio,Câmbio,2028,5.3,R$/US$,2026-09-25,Banco Central - Focus,ExpectativasMercadoAnuais,0.0,0.0
focus,ipca,IPCA,2029,3.5003,%,2026-09-25,Banco Central - Focus,ExpectativasMercadoAnuais,0.0003,0.0003
focus,selic,Selic,2029,10.0,% a.a.,2026-09-25,Banco Central - Focus,ExpectativasMercadoAnuais,0.0,0.0
focus,pib,PIB,2029,2.0,%,2026-09-25,Banco Central - Focus,ExpectativasMercadoAnuais,0.0,0.0
focus,cambio,Câmbio,2029,5.3508,R$/US$,2026-09-25,Banco Central - Focus,ExpectativasMercadoAnuais,-0.0092,-0.0122
