iso3,iso2,pais,pib,pib_ano,inflacao,inflacao_ano,desemprego,desemprego_ano,divida_pib,divida_pib_ano,fdi_pib,fdi_pib_ano,fdi_usd,fdi_usd_ano,taxa_juros,taxa_juros_data
ATI,,ATI,,,,,,,,,,,,,,
ATL,,ATL,,,,,,,,,,,,,,
AFG,AF,Afghanistan,17778508875.7396,2024,2.9,2025,,,8.0,2025,0.144466918556362,2021,20600976.0,2021,,
ALB,AL,Albania,30540188271.3421,2025,3.4,2026,8.7,2026,51.5,2026,6.06317290795607,2025,1851704421.30679,2025,,
DZA,DZ,Algeria,287031225987.736,2025,2.9,2026,11.4,2019,59.2,2026,0.537107006425608,2025,1541664825.40945,2025,,
ASM,AS,American Samoa,871000000.0,2022,,,,,,,,,,,,
AND,AD,Andorra,4500982731.80784,2025,3.0,2026,1.1,2026,28.0,2026,5.9933311039631,2025,269758798.049447,2025,,
AGO,AO,Angola,122174889423.635,2025,12.9,2026,,,51.6,2026,1.81406109811554,2025,2216327140.69984,2025,,
AIA,AI,Anguilla,,,,,,,,,,,,,,
ATG,AG,Antigua and Barbuda,2338196296.2963,2025,2.6,2026,,,66.5,2026,12.05860582627,2025,281953874.814814,2025,,
ARG,AR,Argentina,683097891618.597,2025,30.4,2026,7.2,2026,70.4,2026,0.638521752212331,2025,4361728626.88855,2025,,
ARM,AM,Armenia,29243452882.3545,2025,3.6,2026,12.8,2026,50.6,2026,2.42116246926554,2025,708031505.904919,2025,,
ABW,AW,Aruba,4167588070.29217,2024,1.2,2026,4.3,2026,60.3,2026,2.47746625286701,2024,71080620.0,2025,,
AUS,AU,Australia,1798518933689.21,2025,4.0,2026,4.2,2026,50.6,2026,2.08162673750194,2025,37438451002.7093,2025,,
AUT,AT,Austria,579470021095.418,2025,2.5,2026,5.7,2026,82.1,2026,-2.01581463662177,2025,-11681041500.0767,2025,,
AZE,AZ,Azerbaijan,75937647058.8235,2025,6.0,2026,5.3,2026,20.0,2026,0.492755588950687,2025,374187000.0,2025,,
BHS,BS,"Bahamas, The",15832800000.0,2024,1.6,2026,9.4,2026,71.9,2026,1.51932088638775,2024,1536255210.0,2025,,
BHR,BH,Bahrain,48965725531.9149,2025,2.4,2026,6.2,2024,152.4,2026,1.67703062467795,2025,821170212.765962,2025,,
BGD,BD,Bangladesh,456319229255.578,2025,9.2,2026,,,41.8,2026,0.391072629131908,2025,1784539607.08425,2025,,
BRB,BB,Barbados,8016550000.0,2025,2.3,2026,6.8,2026,89.5,2026,3.40659459493173,2025,273091359.0,2025,,
BLR,BY,Belarus,93397215864.198,2025,6.4,2026,2.9,2026,33.1,2026,1.76312299114393,2025,1646707785.99,2025,,
BEL,BE,Belgium,725466462859.646,2025,2.8,2026,6.2,2026,109.2,2026,-3.96835875820531,2025,-28789111916.733,2025,,
BLZ,BZ,Belize,3326500000.0,2025,1.5,2026,2.6,2026,63.2,2026,0.0072149017030738,2025,240003.70515275,2025,,
BEN,BJ,Benin,24566420903.5337,2025,2.0,2026,,,57.2,2026,1.96064392078668,2025,481660038.0,2025,,
BMU,BM,Bermuda,9194499000.0,2024,,,,,,,1.27852861584602,2024,-179733549.083887,2025,,
BTN,BT,Bhutan,3579320145.13077,2025,4.0,2026,3.5,2023,120.3,2026,0.238058616008172,2025,8520880.0,2025,,
BOL,BO,Bolivia,64768947525.3256,2025,20.7,2026,4.5,2026,102.7,2026,0.813292759868512,2025,526761160.866509,2025,,
BES,BQ,"Bonaire, Sint Eustatius and Saba",,,,,,,,,,,,,,
BIH,BA,Bosnia and Herzegovina,32599982936.3931,2025,4.5,2026,12.6,2026,30.8,2026,2.61184423353769,2025,851460774.458453,2025,,
BWA,BW,Botswana,19928479839.4476,2025,5.1,2026,,,47.0,2026,-3.25662230314756,2025,-648995319.129715,2025,,
BRA,BR,Brazil,2279920092492.13,2025,4.0,2026,6.8,2026,96.5,2026,3.40696865505948,2025,77676162911.61,2025,,
IOT,IO,British Indian Ocean Territories,,,,,,,,,,,,,,
VGB,VG,British Virgin Islands,,,,,,,,,,,42906102039.0,2025,,
BRN,BN,Brunei Darussalam,15031980994.1121,2025,1.6,2026,4.7,2026,1.5,2026,0.411162483586338,2025,61805866.3876176,2025,,
BGR,BG,Bulgaria,130777235529.606,2025,3.8,2026,3.4,2026,28.2,2026,3.7338455582314,2025,4883020000.0,2025,,
BFA,BF,Burkina Faso,27627297461.3181,2025,1.5,2026,,,48.8,2026,1.12886934176847,2025,311876091.0,2025,,
BDI,BI,Burundi,3364713864.08488,2025,14.5,2026,,,37.0,2026,1.04365754120843,2025,35116089.9826074,2025,,
CPV,CV,Cabo Verde,3056630435.32463,2025,2.2,2026,8.5,2026,95.9,2026,5.03338899080779,2025,153852099.82131,2025,,
KHM,KH,Cambodia,51267065842.9641,2025,3.0,2026,,,27.1,2026,9.94778474136007,2025,5099937353.26941,2025,,
CMR,CM,Cameroon,58933453923.761,2025,3.5,2026,,,39.3,2026,1.01631542209426,2025,598949781.0,2025,,
CAN,CA,Canada,2319899772425.92,2025,2.5,2026,6.5,2026,110.7,2026,3.02316174291554,2025,70134322393.9651,2025,,
CYM,KY,Cayman Islands,7765336505.34319,2024,,,,,,,40.9173186763319,2024,35783202968.0,2025,,
CAF,CF,Central African Republic,3066109226.40165,2025,1.5,2026,,,64.0,2026,1.42916689407788,2025,43819818.0,2025,,
TCD,TD,Chad,21472835225.4338,2025,0.5,2026,,,29.9,2026,0.0200069574180473,2025,4296061.0,2025,,
CHI,,Channel Islands,12507320838.3932,2023,,,,,,,,,,,,
CHL,CL,Chile,357371159574.862,2025,2.9,2026,8.1,2026,42.5,2026,4.06114644888118,2025,14513366156.4,2025,,
CHN,CN,"China, People's Republic of",19498039388042.6,2025,1.2,2026,5.1,2026,106.9,2026,0.410194399848574,2025,79979865650.02,2025,,
COL,CO,Colombia,457410034202.523,2025,5.9,2026,9.0,2026,60.9,2026,2.52970921188005,2025,11571143771.2849,2025,,
COM,KM,Comoros,1814920856.27026,2025,3.7,2026,,,32.4,2026,0.506909156298219,2025,9200000.0,2025,,
COD,CD,"Congo, Dem. Rep. of the",91030531316.9936,2025,3.3,2026,,,24.6,2026,2.05275472591522,2025,1868633533.63532,2025,,
COG,CG,"Congo, Republic of ",16306633778.765,2025,2.8,2026,,,91.3,2026,3.6567523076192,2025,596293207.0,2025,,
COK,CK,Cook Islands,,,,,,,,,,,,,,
CRI,CR,Costa Rica,102904921157.478,2025,-0.4,2026,7.0,2026,61.1,2026,5.43938974549166,2025,5597399729.04614,2025,,
HRV,HR,Croatia,105060182186.274,2025,4.4,2026,4.6,2026,56.5,2026,2.84668777577475,2025,2990735363.50335,2025,,
CUB,CU,Cuba,107352000000.0,2020,,,,,,,0.00150472557567628,2020,79458741.0,2025,,
CUW,CW,Curacao,3561178212.2905,2024,,,,,,,4.34710589505796,2024,183297575.0,2025,,
CYP,CY,Cyprus,41225787247.3309,2025,2.6,2026,4.6,2026,50.9,2026,27.0778550174765,2025,11163058900.6456,2025,,
CZE,CZ,Czech Republic,391026962800.475,2025,2.4,2026,3.0,2026,46.4,2026,2.68622429295406,2025,10503861266.7468,2025,,
CIV,CI,Côte d'Ivoire,99773555666.1988,2025,1.8,2026,,,55.1,2026,2.03011443410571,2025,2025517355.0,2025,,
DNK,DK,Denmark,462526660468.393,2025,2.0,2026,2.9,2026,27.4,2026,3.66450193844568,2025,16949298438.6923,2025,,
DJI,DJ,Djibouti,4624533092.31886,2025,1.5,2026,,,29.6,2026,3.22283021928311,2025,149040850.0,2025,,
DMA,DM,Dominica,723859259.259259,2025,3.0,2026,,,98.3,2026,6.8354356791273,2025,49478934.074074,2025,,
DOM,DO,Dominican Republic,127407463759.043,2025,5.1,2026,5.3,2026,58.3,2026,3.86068433895096,2025,4918800000.0,2025,,
ECU,EC,Ecuador,130320560400.0,2025,2.9,2026,3.1,2026,54.4,2025,1.03509330090134,2025,1348939390.39748,2025,,
EGY,EG,Egypt,365254630179.737,2025,13.2,2026,7.4,2026,87.0,2026,4.23066505478546,2025,15452700000.0,2025,,
SLV,SV,El Salvador,36708110000.0,2025,2.5,2026,4.3,2026,84.5,2026,2.08052874206816,2025,763722779.219998,2025,,
GNQ,GQ,Equatorial Guinea,12823210425.9217,2025,3.2,2026,,,39.1,2026,2.29155206254738,2025,293850543.0,2025,,
ERI,ER,Eritrea,2065001626.01626,2011,1.3,2019,,,260.4,2019,0.303892303082893,2011,82365445.0,2025,,
EST,EE,Estonia,47030833798.5866,2025,3.8,2026,7.3,2026,27.8,2026,-2.19439511412125,2025,-1032042319.00667,2025,,
SWZ,SZ,Eswatini,5160679612.81734,2025,3.5,2026,,,50.0,2026,1.02827996156726,2025,53066234.3392878,2025,,
ETH,ET,Ethiopia,126358758448.356,2025,11.8,2026,,,40.4,2026,3.00394992132766,2025,3795753825.0,2025,,
FRO,FO,Faeroe Islands,4052937169.76536,2024,,,,,,,,,,,,
FLK,FK,Falkland Islands,,,,,,,,,,,,,,
FJI,FJ,Fiji,6198013062.06553,2025,2.2,2026,5.0,2026,82.5,2026,4.23946586379785,2025,262762648.0,2025,,
FIN,FI,Finland,317039368819.607,2025,2.5,2026,9.6,2026,93.1,2026,0.113951490198755,2025,361271085.286669,2025,,
FRA,FR,France,3366315927447.33,2025,1.8,2026,7.9,2026,118.4,2026,1.81489710678777,2025,61095170372.5774,2025,,
GUF,GF,French Guiana,,,,,,,,,,,,,,
PYF,PF,French Polynesia,6323716355.05009,2024,,,,,,,-0.219284614005907,2024,11240976.0,2025,,
GAB,GA,Gabon,21427119323.2764,2025,2.5,2026,,,86.1,2026,1.76789115832523,2025,378808148.0,2025,,
GMB,GM,"Gambia, The",2593673987.53306,2025,5.8,2026,,,68.3,2026,10.5535224687087,2025,273723967.039355,2025,,
GEO,GE,Georgia,38143612855.1367,2025,4.4,2026,13.9,2026,35.1,2026,4.33966026261481,2025,1655303209.8,2025,,
DEU,DE,Germany,5050922925047.05,2025,2.7,2026,3.9,2026,64.6,2026,1.88462297077009,2025,95190853681.3291,2025,,
GHA,GH,Ghana,114209905278.717,2025,5.8,2026,,,53.0,2026,1.6708218135385,2025,1908244010.61846,2025,,
GIB,GI,Gibraltar,,,,,,,,,,,,,,
GRC,GR,Greece,280635521324.441,2025,3.5,2026,7.4,2026,136.9,2026,4.83712976707467,2025,13574704338.9697,2025,,
GRL,GL,Greenland,3326543974.39193,2023,,,,,,,,,,,,
GRD,GD,Grenada,1420173228.56948,2025,1.3,2026,,,69.0,2026,12.0171926585936,2025,170664952.962963,2025,,
GLP,GP,Guadeloupe,,,,,,,,,,,,,,
GUM,GU,Guam,6910000000.0,2022,,,,,,,,,,,,
GTM,GT,Guatemala,123306008821.471,2025,2.6,2026,,,27.6,2026,1.39027589683974,2025,1714293720.0,2025,,
GIN,GN,Guinea,28346024753.2924,2025,4.1,2026,,,44.7,2026,27.3881497796204,2025,7763451716.0,2025,,
GNB,GW,Guinea-Bissau,2527930272.92988,2025,2.5,2026,,,73.6,2026,1.32814066746735,2025,33574470.0,2025,,
GUY,GY,Guyana,27097477218.2254,2025,4.1,2026,,,29.2,2026,33.0961610771946,2025,8968224708.0,2025,,
HTI,HT,Haiti,32077278409.2339,2025,23.5,2026,,,10.7,2026,0.0379829543035444,2025,12183898.0,2025,,
VAT,VA,Holy See,,,,,,,,,,,,,,
HND,HN,Honduras,39601409103.3005,2025,4.4,2026,6.8,2026,43.8,2026,2.7092461796718,2025,1072899663.22737,2025,,
HKG,HK,Hong Kong SAR,427310315921.993,2025,2.1,2026,3.3,2026,14.1,2026,28.3131144979725,2025,120984859008.642,2025,,
HUN,HU,Hungary,246490213513.054,2025,3.8,2026,4.2,2026,77.9,2026,-28.3736403614031,2025,-69938246708.2487,2025,,
ISL,IS,Iceland,38582528789.0033,2025,4.8,2026,4.2,2026,53.6,2026,-2.16405360031405,2025,-834946603.350632,2025,,
IND,IN,India,3956067115771.63,2025,4.7,2026,4.9,2026,83.4,2026,1.03111732367627,2025,40791693366.9814,2025,,
IDN,ID,Indonesia,1445642584163.81,2025,3.0,2026,4.9,2026,41.5,2026,1.57010859073407,2025,22698158405.2659,2025,,
IRN,IR,Iran,362682115433.364,2025,68.9,2026,9.2,2026,37.3,2026,0.454000166242696,2025,1646577407.0,2025,,
IRQ,IQ,Iraq,254367293538.462,2025,3.0,2026,,,61.7,2026,-2.99496051321083,2025,-7618200000.0,2025,,
IRL,IE,Ireland,721701359046.313,2025,3.1,2026,4.8,2026,31.6,2026,10.3920712055845,2025,74999719123.764,2025,,
IMY,,Isle of Man,,,,,,,,,,,,,,
ISR,IL,Israel,610777842873.595,2025,2.3,2026,3.2,2026,69.8,2026,4.29650490864827,2025,26242100000.0,2025,,
ITA,IT,Italy,2551556954100.35,2025,2.6,2026,6.0,2026,138.4,2026,0.0346029836604571,2025,882914835.9146,2025,,
JAM,JM,Jamaica,22704903217.5631,2025,6.1,2026,3.4,2025,65.8,2026,1.24715249295122,2025,283164766.5,2025,,
JPN,JP,Japan,4435162999976.94,2025,2.2,2026,2.5,2026,204.4,2026,1.03278551644542,2025,45805721094.5082,2025,,
JOR,JO,Jordan,61610052535.2113,2025,2.3,2026,21.3,2026,81.8,2026,3.28188623089455,2025,2021971831.0,2025,,
KAZ,KZ,Kazakhstan,306239209650.024,2025,10.7,2026,4.6,2026,24.9,2026,-0.299243931188651,2025,-916402249.797785,2025,,
KEN,KE,Kenya,135941278878.815,2025,5.9,2026,,,71.6,2026,0.81710993047381,2025,1110789689.33189,2025,,
KIR,KI,Kiribati,349227254.158833,2025,4.5,2026,,,7.7,2026,1.19148861022682,2025,4161002.95711037,2025,,
PRK,KP,"Korea, Dem. People's Rep. of",,,,,,,,,,,9207785.0,2025,,
KOR,KR,"Korea, Republic of",1872374961553.15,2025,2.5,2026,2.8,2026,54.4,2026,0.844067044503223,2025,15804100000.0,2025,,
KOS,,Kosovo,,,,,,,,,,,,,,
UVK,XK,Kosovo,,,5.9,2026,10.9,2023,18.7,2026,,,,,,
KWT,KW,Kuwait,157209026926.418,2025,2.8,2026,,,22.3,2026,0.262764598716339,2025,413089668.749062,2025,,
KGZ,KG,Kyrgyz Republic,22623752095.4613,2025,10.6,2026,4.0,2026,37.4,2026,2.83950659594116,2025,642402933.0,2025,,
LAO,LA,Lao P.D.R.,18302970218.5902,2025,9.6,2026,,,74.6,2026,7.67516219703625,2025,1404782651.15204,2025,,
LVA,LV,Latvia,48618869160.3254,2025,3.0,2026,6.7,2026,47.4,2026,0.828115530328252,2025,402620406.186628,2025,,
LBN,LB,Lebanon,25971643441.3408,2024,14.6,2025,11.5,2023,139.4,2025,6.79248055666718,2024,2041796982.0,2025,,
LSO,LS,Lesotho,2573572920.05159,2025,4.2,2026,,,49.0,2026,1.30107470187035,2025,33484106.1969774,2025,,
LBR,LR,Liberia,5245938900.0,2025,5.7,2026,,,53.8,2026,9.53118230179921,2025,500000000.0,2025,,
LBY,LY,Libya,48098909613.6316,2025,10.5,2026,,,,,1.72056776265352,2025,827574333.0,2025,,
LIE,LI,Liechtenstein,8905764270.4054,2024,0.5,2026,3.9,2026,0.5,2026,-1303.10826691135,2018,-87212093508.4059,2018,,
LTU,LT,Lithuania,95210150818.3512,2025,4.0,2026,6.5,2026,45.1,2026,3.24263476181382,2025,3087317447.21122,2025,,
LUX,LU,Luxembourg,101157829491.107,2025,2.1,2026,5.9,2026,28.0,2026,-32.6792847309028,2025,-33057655127.0,2025,,
MAC,MO,Macao SAR,52061007670.169,2025,1.8,2026,1.7,2026,0.0,2026,2.21163392320597,2025,1151398906.39632,2025,,
MDG,MG,Madagascar,19620352035.7899,2025,8.3,2026,,,49.3,2026,4.53090698564897,2025,888979900.998525,2025,,
MWI,MW,Malawi,14918276698.303,2025,24.4,2026,,,74.5,2026,3.55360005790477,2025,530135889.389288,2025,,
MYS,MY,Malaysia,472193128644.597,2025,1.9,2026,3.0,2026,69.5,2026,4.57838449139551,2025,21618816971.2995,2025,,
MDV,MV,Maldives,7741066860.6337,2025,3.0,2026,,,129.4,2026,11.071897165053,2025,857082962.287357,2025,,
MLI,ML,Mali,30069148580.7688,2025,2.2,2026,,,40.8,2026,2.80602296314978,2025,843747214.0,2025,,
MLT,MT,Malta,27771821560.9411,2025,2.5,2026,3.0,2026,47.3,2026,51.7083646439552,2025,14360354761.0,2025,,
MHL,MH,Marshall Islands,308000000.0,2025,7.4,2026,,,16.7,2026,1.04280227272727,2025,3211831.0,2025,,
MTQ,MQ,Martinique,,,,,,,,,,,,,,
MRT,MR,Mauritania,11679910946.4371,2025,4.1,2026,,,37.1,2026,5.42882056128538,2025,634081407.0,2025,,
MUS,MU,Mauritius,16157804491.7614,2025,3.7,2026,5.9,2026,86.5,2026,4.97857948714608,2025,804429140.0,2025,,
MYT,YT,Mayotte,,,,,,,,,,,,,,
MEX,MX,Mexico,1832641364775.52,2025,3.9,2026,2.7,2026,62.7,2026,2.43265355818599,2025,44581815369.0,2025,,
FSM,FM,"Micronesia, Fed. States of",501797600.0,2025,3.2,2026,,,7.5,2026,6.39534810126582,2014,20209300.0,2014,,
MDA,MD,Moldova,20351796275.2943,2025,6.4,2026,3.8,2026,39.3,2026,2.25785505605625,2025,459514061.2,2025,,
MCO,MC,Monaco,11125788838.2812,2024,,,,,,,,,,,,
MNG,MN,Mongolia,25369107325.4549,2025,7.4,2026,5.0,2026,43.7,2026,10.82107935471,2025,2745211235.26902,2025,,
MNE,ME,Montenegro,9232801464.79257,2025,3.2,2026,,,62.4,2026,7.32378193243752,2025,676190245.536305,2025,,
MSR,MS,Montserrat,,,,,,,,,,,,,,
MAR,MA,Morocco,182374250612.28,2025,1.3,2026,12.2,2026,65.8,2026,1.81954513887835,2025,3318381811.58155,2025,,
MOZ,MZ,Mozambique,22337997046.1913,2025,4.4,2026,,,106.1,2026,25.7843732918471,2025,5759712544.31175,2025,,
MMR,MM,Myanmar,81665773809.5238,2025,19.0,2026,,,51.9,2026,1.30618121918243,2025,1066703000.0,2025,,
NAM,NA,Namibia,15080340653.5276,2025,3.9,2026,,,70.5,2026,9.59574087380781,2025,1447070412.0,2025,,
NRU,NR,Nauru,176040043.932346,2025,5.5,2026,,,12.7,2026,-0.0107492588488971,2025,-18923.0,2025,,
NPL,NP,Nepal,45489810283.1132,2025,3.1,2026,,,49.6,2026,0.0957346932713607,2025,43549530.3442623,2025,,
NLD,NL,Netherlands,1332767651100.39,2025,2.7,2026,4.1,2026,44.1,2026,0.30183584045909,2025,4022770441.06574,2025,,
NCL,NC,New Caledonia,8548919387.12607,2024,,,,,,,5.90759526590624,2024,439548051.0,2025,,
NZL,NZ,New Zealand,264057413739.965,2025,3.1,2026,5.4,2026,56.7,2026,1.28511636838724,2025,3393445045.91231,2025,,
NIC,NI,Nicaragua,22237167113.0916,2025,3.5,2026,2.7,2026,33.2,2026,6.75670597949251,2025,1502500000.0,2025,,
NER,NE,Niger,21646191388.2507,2025,0.4,2026,,,45.5,2026,1.18752255484319,2025,257053405.0,2025,,
NGA,NG,Nigeria,290794361542.112,2025,16.0,2026,22.6,2018,32.3,2026,1.37738584935978,2025,4005360386.61716,2025,,
NIU,NU,Niue,,,,,,,,,,,,,,
MKD,MK,North Macedonia ,19101199817.0174,2025,4.5,2026,11.5,2026,53.1,2026,3.53789593592464,2025,675780572.039102,2025,,
MNP,MP,Northern Mariana Islands,1096000000.0,2022,,,,,,,,,,,,
NOR,NO,Norway,530755719438.879,2025,3.3,2026,4.2,2026,42.9,2026,-1.33380839176639,2025,-7079264325.65584,2025,,
OMN,OM,Oman,109604780696.23,2025,1.7,2026,,,32.7,2026,6.15593965736605,2025,6747204161.24834,2025,,
PAK,PK,Pakistan,407307214476.222,2025,7.2,2026,6.9,2026,70.1,2026,0.454693640126553,2025,1852000000.0,2025,,
PLW,PW,Palau,345000000.0,2025,5.9,2026,,,56.7,2026,16.5558028985507,2025,57117520.0,2025,,
PAN,PA,Panama,90462600000.0,2025,1.4,2026,10.4,2026,57.7,2026,1.03740687229861,2025,938465229.26,2025,,
PNG,PG,Papua New Guinea,32498658653.8415,2025,5.0,2026,,,49.2,2026,-3.63382070804454,2025,-1180942988.0,2025,,
PRY,PY,Paraguay,49278227554.3339,2025,3.3,2026,5.2,2026,37.8,2026,2.39525418725454,2025,1180338808.9,2025,,
PER,PE,Peru,334854659181.893,2025,2.5,2026,6.3,2026,30.0,2026,3.09176833503603,2025,10352930320.9786,2025,,
PHL,PH,Philippines,487086123720.417,2025,4.3,2026,4.7,2026,60.2,2026,1.66751060819898,2025,8122212784.10315,2025,,
PCN,PN,Pitcairn,,,,,,,,,,,,,,
POL,PL,Poland,1035491784197.44,2025,3.3,2026,3.4,2026,65.7,2026,2.02222753667037,2025,20940000000.0,2025,,
PRT,PT,Portugal,346639825141.821,2025,3.1,2026,5.9,2026,85.6,2026,3.45281415478559,2025,11968828948.6208,2025,,
PRI,PR,Puerto Rico,129368484000.0,2025,2.1,2026,6.0,2026,18.8,2026,,,,,,
QAT,QA,Qatar,215559615384.615,2025,3.9,2026,,,43.3,2026,1.40702006150615,2025,3032967032.96703,2025,,
REU,RE,Reunion,,,,,,,,,,,,,,
ROU,RO,Romania,428677977854.826,2025,7.8,2026,6.0,2026,61.9,2026,2.18672174987663,2025,9373994578.68279,2025,,
RUS,RU,Russian Federation,2561310169358.74,2025,5.6,2026,2.4,2026,19.1,2026,0.434796227853504,2025,11136480000.0,2025,,
RWA,RW,Rwanda,16372132990.2271,2025,5.6,2026,,,66.8,2026,5.90921119183129,2025,967463915.0,2025,,
SHN,SH,Saint Helena,,,,,,,,,,,,,,
KNA,KN,Saint Kitts and Nevis,1183514814.81481,2025,2.2,2026,,,64.0,2026,2.39552084343872,2025,28351344.074074,2025,,
LCA,LC,Saint Lucia,2656444444.44444,2025,2.5,2026,,,77.5,2026,7.30212999832689,2025,193977026.666666,2025,,
MFX,,Saint Martin,,,,,,,,,,,,,,
VCT,VC,Saint Vincent and the Grenadines,1255222222.22222,2025,0.9,2026,,,120.1,2026,8.87423003157177,2025,111391307.407407,2025,,
SPM,PM,Saint-Pierre and Miquelon,,,,,,,,,,,,,,
WSM,WS,Samoa,1287936621.64619,2025,2.5,2026,,,17.1,2026,0.17252947016909,2025,2222070.22943985,2025,,
SMR,SM,San Marino,2027243193.5116,2023,2.8,2026,4.4,2026,77.3,2026,-0.893473147832222,2023,39870022.5094992,2024,,
SAU,SA,Saudi Arabia,1276942933333.33,2025,2.3,2026,3.5,2024,32.1,2026,2.55517254024168,2025,32628095187.0899,2025,,
SEN,SN,Senegal,37006536238.3731,2025,2.5,2026,,,132.3,2026,0.0988382181039487,2025,36576601.0,2025,,
SRB,RS,Serbia,99953324472.9042,2025,5.2,2026,8.8,2026,42.6,2026,3.93697525829793,2025,3935137654.34449,2025,,
SYC,SC,Seychelles,2387022853.48583,2025,2.6,2026,2.6,2026,55.0,2026,9.99508825835549,2025,238585040.953024,2025,,
SLE,SL,Sierra Leone,7464157904.43509,2025,7.5,2026,,,44.3,2026,2.37188844698482,2025,177041499.0,2025,,
SGP,SG,Singapore,603869516998.738,2025,2.3,2026,2.0,2026,171.9,2026,26.3447254389071,2025,159087766262.572,2025,,
SXM,SX,Sint Maarten,1887728480.44693,2025,,,,,,,1.87629949788194,2025,35419440.0,2025,,
SVK,SK,Slovak Republic,154530066506.895,2025,4.2,2026,5.8,2026,63.0,2026,1.32903607891851,2025,2053760336.65341,2025,,
SVN,SI,Slovenia,79648204979.3618,2025,2.9,2026,3.9,2026,65.2,2026,2.26084906229912,2025,1800725695.41398,2025,,
SLB,SB,Solomon Islands,1749572442.95016,2025,3.2,2026,,,29.9,2026,3.84517916197634,2025,67274195.0,2025,,
SOM,SO,Somalia,12995200000.2658,2025,5.9,2026,,,,,6.41775424759099,2025,834000000.0,2025,,
ZAF,ZA,South Africa,427184325997.307,2025,3.9,2026,32.5,2026,78.9,2026,-0.505823116244258,2025,-2160797069.86661,2025,,
SSD,SS,"South Sudan, Republic of",11997800760.2242,2015,14.0,2026,,,57.3,2026,0.0012502291294692,2015,73000000.0,2025,,
ESP,ES,Spain,1906453309985.88,2025,3.0,2026,9.8,2026,98.2,2026,1.50045034931968,2025,28605385349.2998,2025,,
LKA,LK,Sri Lanka,108825231671.196,2025,1.2,2024,4.4,2024,100.8,2024,0.959277643876202,2025,1043936118.31827,2025,,
SDN,SD,Sudan,60162634574.4689,2025,75.1,2026,61.3,2026,169.1,2026,3.15777394629957e-06,2025,1899.8,2025,,
SUR,SR,Suriname,4523657796.86421,2025,11.8,2026,9.0,2026,87.1,2026,45.3559358058599,2025,2051747326.42251,2025,,
SJM,SJ,Svalbard and Jan Mayen Islands,,,,,,,,,,,,,,
SWE,SE,Sweden,668998664082.081,2025,1.5,2026,8.6,2026,36.7,2026,2.57981443806807,2025,17258924126.472,2025,,
CHE,CH,Switzerland,1043529899250.92,2025,0.5,2026,3.0,2026,38.5,2026,0.00152330843935289,2025,15896179.02246,2025,,
SYR,SY,Syria,23737634644.3994,2022,4.4,2010,8.6,2010,30.0,2010,1.19065646956077,2011,804162635.0,2011,,
STP,ST,São Tomé and Príncipe,981293586.906408,2025,9.6,2026,13.5,2017,50.4,2026,10.5428503169941,2025,103456314.037805,2025,,
TWN,TW,Taiwan Province of China,,,1.5,2026,3.4,2026,27.6,2026,,,,,,
TJK,TJ,Tajikistan,17660626562.4832,2025,4.0,2026,2.5,2011,21.9,2026,0.486117105867933,2025,85851326.7236866,2025,,
TZA,TZ,Tanzania,90143496090.4411,2025,4.0,2026,,,48.7,2026,1.90537891749478,2025,1717575170.0,2025,,
THA,TH,Thailand,577009981112.015,2025,0.9,2026,1.0,2026,66.8,2026,3.21055830223758,2025,18525241853.3313,2025,,
TLS,TL,Timor-Leste,1902180257.82737,2025,2.1,2026,,,14.9,2026,13.3130496450646,2025,253238202.063175,2025,,
TGO,TG,Togo,11889949067.4697,2025,2.8,2026,,,64.7,2026,1.86112428021605,2025,221286729.0,2025,,
TKL,TK,Tokelau,,,,,,,,,,,,,,
TON,TO,Tonga,679218218.578017,2025,3.8,2026,,,34.4,2026,2.63512133597271,2025,17898224.1955631,2025,,
TTO,TT,Trinidad and Tobago,25942749718.4685,2025,1.8,2026,4.2,2026,84.1,2026,-3.06209801717702,2025,-794392424.73042,2025,,
TUN,TN,Tunisia,57502836548.0878,2025,6.5,2026,15.2,2025,84.9,2026,1.98444302104666,2025,1141111026.7824,2025,,
TKM,TM,Turkmenistan,49828621355.6516,2025,3.9,2026,,,3.7,2026,1.40768829423061,2025,701431670.0,2025,,
TCA,TC,Turks and Caicos Islands,1745378000.0,2024,,,,,,,2.52093025121206,2024,42058347.0,2025,,
TUV,TV,Tuvalu,57345434.7234984,2025,3.1,2026,,,3.2,2026,0.409737934907865,2025,234966.0,2025,,
TUR,TR,"Türkiye, Republic of",1597293229287.0,2025,28.6,2026,8.3,2026,25.5,2026,0.812061289822783,2025,12971000000.0,2025,,
UGA,UG,Uganda,61985829288.1496,2025,4.0,2026,,,55.0,2026,5.41742750347349,2025,3358037364.11234,2025,,
UKR,UA,Ukraine,214233312784.397,2025,6.1,2026,10.2,2026,122.6,2026,0.757585260156705,2025,1623000000.0,2025,,
ARE,AE,United Arab Emirates,552324919095.872,2024,2.5,2026,,,31.4,2026,8.26177302526361,2024,48243430905.3778,2025,,
GBR,GB,United Kingdom,4002587541846.01,2025,3.2,2026,5.6,2026,103.6,2026,0.939113289040925,2025,37588831510.9724,2025,,
USA,US,United States,30769700000000.0,2025,3.2,2026,4.4,2026,125.8,2026,0.997793283652424,2025,307018000000.0,2025,,
VIR,VI,United States Virgin Islands ,4672000000.0,2022,,,,,,,,,,,,
URY,UY,Uruguay,85347696277.6859,2025,4.0,2026,8.0,2026,66.8,2026,2.27888625049842,2025,1944976915.58934,2025,,
UZB,UZ,Uzbekistan,147038081129.405,2025,7.0,2026,4.3,2026,27.5,2026,3.04177539543091,2025,4472568173.70797,2025,,
VUT,VU,Vanuatu,1353658840.63993,2025,4.1,2026,,,43.2,2026,2.43181701413319,2025,32918506.0,2025,,
VEN,VE,Venezuela,99661244155.6306,2025,387.4,2026,35.6,2018,308.7,2025,-0.523774316107118,2025,-522000000.0,2025,,
VNM,VN,Vietnam,514697215165.065,2025,4.9,2026,2.1,2026,29.8,2026,4.27241480079657,2025,21990000000.0,2025,,
WLF,WF,Wallis and Futuna Islands,,,,,,,,,,,,,,
WBG,PS,West Bank and Gaza,,,10.5,2025,24.4,2022,56.1,2024,,,,,,
ESH,EH,Western Sahara,,,,,,,,,,,,,,
YEM,YE,Yemen,21606160663.0318,2018,26.5,2026,,,,,-0.0361008145854707,2018,-5000000.0,2025,,
ZMB,ZM,Zambia,28879806220.1264,2025,9.0,2026,,,86.0,2025,4.47605461520107,2025,1292675899.17709,2025,,
ZWE,ZW,Zimbabwe,51215643905.5886,2025,8.0,2026,,,42.3,2026,1.88418992013239,2025,965000000.0,2025,,
